n,q,p_in,p_out,Glauber,Glauber_STD,Metropolis,Metropolis_STD,Average,Average_STD
40,2,0.002,0.001001001001001001,0.545,0.125,0.5325,0.07499999999999996,0.5725,0.17500000000000004
40,2,0.003,0.001001001001001001,0.5675,0.125,0.5625000000000001,0.125,0.565,0.07499999999999996
40,2,0.004,0.001001001001001001,0.5625,0.125,0.585,0.19999999999999996,0.5575,0.17500000000000004
40,2,0.005,0.001001001001001001,0.5700000000000001,0.25,0.5775,0.25,0.5775,0.125
40,2,0.006,0.001001001001001001,0.61,0.22499999999999998,0.5624999999999999,0.125,0.585,0.09999999999999998
40,2,0.007,0.001001001001001001,0.5425000000000001,0.19999999999999996,0.59,0.25,0.5875,0.15000000000000002
40,2,0.008,0.001001001001001001,0.5900000000000001,0.19999999999999996,0.5725,0.125,0.53,0.07499999999999996
40,2,0.009,0.001001001001001001,0.57,0.17500000000000004,0.5325,0.07499999999999996,0.5850000000000001,0.17499999999999993
40,2,0.01,0.001001001001001001,0.58,0.09999999999999998,0.5774999999999999,0.15000000000000002,0.555,0.125
40,2,0.011,0.001001001001001001,0.5625,0.22499999999999998,0.5725,0.19999999999999996,0.5975,0.22499999999999998
40,2,0.012,0.001001001001001001,0.5899999999999999,0.125,0.555,0.125,0.55,0.125
40,2,0.013,0.001001001001001001,0.5625,0.09999999999999998,0.5625,0.07499999999999996,0.5850000000000001,0.19999999999999996
40,2,0.014,0.001001001001001001,0.5775,0.19999999999999996,0.585,0.19999999999999996,0.6024999999999999,0.19999999999999996
40,2,0.015,0.001001001001001001,0.5574999999999999,0.17500000000000004,0.6,0.19999999999999996,0.5800000000000001,0.15000000000000002
40,2,0.016,0.001001001001001001,0.5525,0.125,0.5675,0.15000000000000002,0.5825,0.15000000000000002
40,2,0.017,0.001001001001001001,0.5900000000000001,0.22499999999999998,0.54,0.09999999999999998,0.5900000000000001,0.22499999999999998
40,2,0.018,0.001001001001001001,0.5549999999999999,0.125,0.5925,0.22499999999999998,0.5575000000000001,0.15000000000000002
40,2,0.019,0.001001001001001001,0.5725,0.15000000000000002,0.62,0.275,0.615,0.25
40,2,0.02,0.001001001001001001,0.615,0.275,0.585,0.19999999999999996,0.5875,0.19999999999999996
40,2,0.021,0.001001001001001001,0.5624999999999999,0.17500000000000004,0.58,0.25,0.565,0.17500000000000004
40,2,0.022,0.001001001001001001,0.6075,0.17499999999999993,0.6,0.1499999999999999,0.605,0.22499999999999998
40,2,0.023,0.001001001001001001,0.5625,0.19999999999999996,0.6249999999999999,0.17499999999999993,0.5700000000000001,0.17499999999999993
40,2,0.024,0.001001001001001001,0.5599999999999999,0.125,0.5850000000000001,0.19999999999999996,0.6025,0.17499999999999993
40,2,0.025,0.001001001001001001,0.5625,0.17500000000000004,0.585,0.125,0.5725,0.22499999999999998
40,2,0.026,0.001001001001001001,0.5775,0.125,0.585,0.19999999999999996,0.5750000000000001,0.19999999999999996
40,2,0.027,0.001001001001001001,0.59,0.17500000000000004,0.5874999999999999,0.22499999999999998,0.5725,0.17500000000000004
40,2,0.028,0.001001001001001001,0.5774999999999999,0.15000000000000002,0.5625,0.09999999999999998,0.6025,0.22499999999999998
40,2,0.029,0.001001001001001001,0.5575,0.19999999999999996,0.6025,0.25,0.595,0.32499999999999996
40,2,0.03,0.001001001001001001,0.615,0.17499999999999993,0.56,0.17500000000000004,0.5925,0.15000000000000002
40,2,0.031,0.001001001001001001,0.6125,0.19999999999999996,0.5925,0.22499999999999998,0.605,0.29999999999999993
40,2,0.032,0.001001001001001001,0.5800000000000001,0.22499999999999998,0.6025,0.22499999999999998,0.57,0.09999999999999998
40,2,0.033,0.001001001001001001,0.56,0.15000000000000002,0.63,0.1499999999999999,0.6125,0.17499999999999993
40,2,0.034,0.001001001001001001,0.5875,0.19999999999999996,0.595,0.22499999999999998,0.5824999999999999,0.17500000000000004
40,2,0.035,0.001001001001001001,0.5625000000000001,0.19999999999999996,0.5525,0.125,0.575,0.15000000000000002
40,2,0.036,0.001001001001001001,0.5549999999999999,0.09999999999999998,0.595,0.19999999999999996,0.5549999999999999,0.15000000000000002
40,2,0.037,0.001001001001001001,0.5825,0.22499999999999998,0.6475,0.2749999999999999,0.5900000000000001,0.17499999999999993
40,2,0.038,0.001001001001001001,0.58,0.15000000000000002,0.6199999999999999,0.29999999999999993,0.5925,0.25
40,2,0.039,0.001001001001001001,0.595,0.17500000000000004,0.6325000000000001,0.30000000000000004,0.595,0.19999999999999996
40,2,0.04,0.001001001001001001,0.5825,0.17500000000000004,0.6525000000000001,0.29999999999999993,0.65,0.22499999999999998
40,2,0.041,0.001001001001001001,0.5900000000000001,0.19999999999999996,0.6024999999999999,0.32499999999999996,0.6124999999999999,0.19999999999999996
40,2,0.042,0.001001001001001001,0.6024999999999999,0.1499999999999999,0.6299999999999999,0.22499999999999998,0.6224999999999998,0.25
40,2,0.043,0.001001001001001001,0.5900000000000001,0.19999999999999996,0.595,0.17500000000000004,0.5900000000000001,0.19999999999999996
40,2,0.044,0.001001001001001001,0.5775,0.125,0.6125,0.22499999999999998,0.5975,0.17499999999999993
40,2,0.045,0.001001001001001001,0.5675000000000001,0.15000000000000002,0.6100000000000001,0.25,0.6,0.22499999999999998
40,2,0.046,0.001001001001001001,0.5825,0.25,0.5800000000000001,0.22499999999999998,0.5974999999999999,0.17500000000000004
40,2,0.047,0.001001001001001001,0.605,0.19999999999999996,0.64,0.29999999999999993,0.6125,0.275
40,2,0.048,0.001001001001001001,0.5900000000000001,0.22499999999999998,0.605,0.32499999999999996,0.5999999999999999,0.19999999999999996
40,2,0.049,0.001001001001001001,0.5900000000000001,0.19999999999999996,0.5875,0.25,0.59,0.22499999999999998
40,2,0.05,0.001001001001001001,0.6024999999999999,0.15000000000000002,0.6249999999999999,0.19999999999999996,0.6,0.125
40,2,0.051,0.001001001001001001,0.5574999999999999,0.09999999999999998,0.6399999999999999,0.25,0.5774999999999999,0.17500000000000004
40,2,0.052,0.001001001001001001,0.6074999999999999,0.32499999999999996,0.625,0.19999999999999996,0.6375,0.22499999999999998
40,2,0.053,0.001001001001001001,0.59,0.19999999999999996,0.5925,0.30000000000000004,0.625,0.4
40,2,0.054,0.001001001001001001,0.5725,0.125,0.5925,0.19999999999999996,0.6299999999999999,0.25
40,2,0.055,0.001001001001001001,0.5725,0.17500000000000004,0.58,0.30000000000000004,0.5725,0.19999999999999996
40,2,0.056,0.001001001001001001,0.615,0.25,0.65,0.2749999999999999,0.5850000000000001,0.4
40,2,0.057,0.001001001001001001,0.5700000000000001,0.17500000000000004,0.6325000000000001,0.275,0.6275,0.275
40,2,0.058,0.001001001001001001,0.6125,0.275,0.6425,0.25,0.6124999999999999,0.25
40,2,0.059,0.001001001001001001,0.595,0.15000000000000002,0.675,0.4,0.5774999999999999,0.22499999999999998
40,2,0.06,0.001001001001001001,0.585,0.19999999999999996,0.5625,0.07499999999999996,0.6275,0.22499999999999998
40,2,0.061,0.001001001001001001,0.5850000000000001,0.15000000000000002,0.655,0.4,0.6224999999999999,0.19999999999999996
40,2,0.062,0.001001001001001001,0.5525,0.09999999999999998,0.695,0.2250000000000001,0.6225,0.375
40,2,0.063,0.001001001001001001,0.5925,0.15000000000000002,0.6375,0.22499999999999998,0.6375000000000001,0.29999999999999993
40,2,0.064,0.001001001001001001,0.5825,0.125,0.6275000000000001,0.25,0.6174999999999999,0.35
40,2,0.065,0.001001001001001001,0.645,0.19999999999999996,0.6775,0.29999999999999993,0.5700000000000001,0.19999999999999996
40,2,0.066,0.001001001001001001,0.5900000000000001,0.19999999999999996,0.6425,0.35,0.5974999999999999,0.25
40,2,0.067,0.001001001001001001,0.5774999999999999,0.22499999999999998,0.7000000000000001,0.35,0.57,0.07499999999999996
40,2,0.068,0.001001001001001001,0.6275,0.25,0.7075,0.375,0.6325000000000001,0.275
40,2,0.069,0.001001001001001001,0.5875000000000001,0.17500000000000004,0.6425,0.35,0.6225,0.275
40,2,0.07,0.001001001001001001,0.6224999999999999,0.22499999999999998,0.7375,0.44999999999999996,0.625,0.22499999999999998
40,2,0.071,0.001001001001001001,0.605,0.42500000000000004,0.6675,0.32499999999999996,0.6075,0.17499999999999993
40,2,0.072,0.001001001001001001,0.58,0.17500000000000004,0.6500000000000001,0.32499999999999996,0.705,0.3999999999999999
40,2,0.073,0.001001001001001001,0.605,0.25,0.6399999999999999,0.30000000000000004,0.62,0.375
40,2,0.074,0.001001001001001001,0.5775,0.17500000000000004,0.635,0.25,0.5900000000000001,0.15000000000000002
40,2,0.075,0.001001001001001001,0.6125,0.17499999999999993,0.6300000000000001,0.375,0.62,0.17499999999999993
40,2,0.076,0.001001001001001001,0.57,0.25,0.6399999999999999,0.275,0.6225,0.32499999999999996
40,2,0.077,0.001001001001001001,0.6075000000000002,0.19999999999999996,0.675,0.35,0.5850000000000001,0.22499999999999998
40,2,0.078,0.001001001001001001,0.6075,0.25,0.6575,0.32499999999999996,0.6725000000000001,0.32499999999999996
40,2,0.079,0.001001001001001001,0.6124999999999999,0.17499999999999993,0.7,0.375,0.6799999999999999,0.25
40,2,0.08,0.001001001001001001,0.6075,0.25,0.705,0.375,0.62,0.375
40,2,0.081,0.001001001001001001,0.575,0.22499999999999998,0.6775,0.29999999999999993,0.6425000000000001,0.275
40,2,0.082,0.001001001001001001,0.6275,0.25,0.6599999999999999,0.42500000000000004,0.67,0.375
40,2,0.083,0.001001001001001001,0.6174999999999999,0.19999999999999996,0.7050000000000001,0.44999999999999996,0.6100000000000001,0.19999999999999996
40,2,0.084,0.001001001001001001,0.635,0.25,0.6950000000000001,0.275,0.6799999999999999,0.25
40,2,0.085,0.001001001001001001,0.5525,0.15000000000000002,0.7025,0.29999999999999993,0.63,0.42500000000000004
40,2,0.086,0.001001001001001001,0.615,0.22499999999999998,0.68,0.17500000000000004,0.6575,0.35
40,2,0.087,0.001001001001001001,0.575,0.09999999999999998,0.6725000000000001,0.42500000000000004,0.6875,0.35
40,2,0.088,0.001001001001001001,0.5874999999999999,0.22499999999999998,0.7100000000000001,0.375,0.6825,0.29999999999999993
40,2,0.089,0.001001001001001001,0.5750000000000001,0.22499999999999998,0.7424999999999999,0.3500000000000001,0.6549999999999999,0.42500000000000004
40,2,0.09,0.001001001001001001,0.6200000000000001,0.32499999999999996,0.6900000000000001,0.475,0.695,0.42500000000000004
40,2,0.091,0.001001001001001001,0.6200000000000001,0.32499999999999996,0.7449999999999999,0.42499999999999993,0.6399999999999999,0.275
40,2,0.092,0.001001001001001001,0.625,0.275,0.6900000000000001,0.32499999999999996,0.6499999999999999,0.35
40,2,0.093,0.001001001001001001,0.5925,0.30000000000000004,0.6425000000000001,0.375,0.725,0.4
40,2,0.094,0.001001001001001001,0.58,0.17500000000000004,0.675,0.42500000000000004,0.6325000000000001,0.32499999999999996
40,2,0.095,0.001001001001001001,0.6225,0.25,0.7074999999999999,0.3999999999999999,0.5950000000000001,0.25
40,2,0.096,0.001001001001001001,0.635,0.25,0.7,0.42499999999999993,0.595,0.22499999999999998
40,2,0.097,0.001001001001001001,0.605,0.17500000000000004,0.7,0.375,0.6200000000000001,0.29999999999999993
40,2,0.098,0.001001001001001001,0.6025,0.17499999999999993,0.6500000000000001,0.275,0.6674999999999999,0.275
40,2,0.099,0.001001001001001001,0.6225,0.17499999999999993,0.7499999999999999,0.42500000000000004,0.66,0.275
40,2,0.1,0.001001001001001001,0.6375,0.19999999999999996,0.7275,0.4,0.6024999999999999,0.32499999999999996
40,2,0.101,0.001001001001001001,0.6,0.17499999999999993,0.7449999999999999,0.32499999999999996,0.6799999999999999,0.375
40,2,0.102,0.001001001001001001,0.6075000000000002,0.15000000000000002,0.7725000000000001,0.44999999999999996,0.705,0.44999999999999996
40,2,0.103,0.001001001001001001,0.6125,0.25,0.655,0.4,0.6199999999999999,0.475
40,2,0.104,0.001001001001001001,0.5725,0.30000000000000004,0.7324999999999999,0.44999999999999996,0.6825,0.42500000000000004
40,2,0.105,0.001001001001001001,0.6125,0.22499999999999998,0.705,0.4,0.6049999999999999,0.4
40,2,0.106,0.001001001001001001,0.5675,0.17500000000000004,0.635,0.30000000000000004,0.77,0.375
40,2,0.107,0.001001001001001001,0.625,0.15000000000000002,0.805,0.32499999999999996,0.6625,0.275
40,2,0.108,0.001001001001001001,0.6325,0.30000000000000004,0.6650000000000001,0.35,0.6875000000000001,0.42499999999999993
40,2,0.109,0.001001001001001001,0.6050000000000001,0.275,0.7075000000000001,0.4,0.7174999999999999,0.4
40,2,0.11,0.001001001001001001,0.62,0.25,0.7575,0.44999999999999996,0.6224999999999999,0.275
40,2,0.111,0.001001001001001001,0.6250000000000001,0.22499999999999998,0.7625,0.42499999999999993,0.685,0.42499999999999993
40,2,0.112,0.001001001001001001,0.6375,0.35,0.5875,0.17500000000000004,0.6475000000000001,0.25
40,2,0.113,0.001001001001001001,0.6150000000000001,0.10000000000000009,0.7224999999999999,0.475,0.6925,0.44999999999999996
40,2,0.114,0.001001001001001001,0.64,0.32499999999999996,0.6675,0.5,0.5625,0.32499999999999996
40,2,0.115,0.001001001001001001,0.6224999999999999,0.22499999999999998,0.7425,0.4,0.65,0.375
40,2,0.116,0.001001001001001001,0.635,0.30000000000000004,0.72,0.475,0.6499999999999999,0.25
40,2,0.117,0.001001001001001001,0.6224999999999998,0.22499999999999998,0.6950000000000001,0.475,0.64,0.475
40,2,0.118,0.001001001001001001,0.635,0.19999999999999996,0.74,0.42499999999999993,0.7024999999999999,0.29999999999999993
40,2,0.119,0.001001001001001001,0.63,0.29999999999999993,0.775,0.42500000000000004,0.6725,0.19999999999999996
40,2,0.12,0.001001001001001001,0.5925,0.25,0.6875000000000001,0.42499999999999993,0.6699999999999999,0.32499999999999996
40,2,0.121,0.001001001001001001,0.655,0.25,0.6875,0.475,0.74,0.44999999999999996
40,2,0.122,0.001001001001001001,0.6275000000000001,0.22499999999999998,0.6975,0.475,0.6500000000000001,0.44999999999999996
40,2,0.123,0.001001001001001001,0.6075,0.17499999999999993,0.79,0.375,0.675,0.35
40,2,0.124,0.001001001001001001,0.575,0.15000000000000002,0.865,0.44999999999999996,0.655,0.35
40,2,0.125,0.001001001001001001,0.6174999999999999,0.32499999999999996,0.6950000000000001,0.42499999999999993,0.6075,0.29999999999999993
40,2,0.126,0.001001001001001001,0.5800000000000001,0.15000000000000002,0.6799999999999999,0.42500000000000004,0.6599999999999999,0.32499999999999996
40,2,0.127,0.001001001001001001,0.6325000000000001,0.25,0.6950000000000001,0.44999999999999996,0.6900000000000001,0.42499999999999993
40,2,0.128,0.001001001001001001,0.625,0.25,0.7375,0.475,0.5900000000000001,0.17500000000000004
40,2,0.129,0.001001001001001001,0.6300000000000001,0.22499999999999998,0.8375,0.4,0.6325,0.4
40,2,0.13,0.001001001001001001,0.6025,0.275,0.7325,0.5,0.7224999999999999,0.32500000000000007
40,2,0.131,0.001001001001001001,0.6399999999999999,0.22499999999999998,0.8275,0.475,0.6775,0.35
40,2,0.132,0.001001001001001001,0.615,0.275,0.7575,0.5,0.6300000000000001,0.35
40,2,0.133,0.001001001001001001,0.625,0.32499999999999996,0.7,0.44999999999999996,0.635,0.30000000000000004
40,2,0.134,0.001001001001001001,0.6249999999999999,0.19999999999999996,0.72,0.42499999999999993,0.685,0.4
40,2,0.135,0.001001001001001001,0.6275000000000002,0.30000000000000004,0.8075000000000001,0.42500000000000004,0.7,0.3500000000000001
40,2,0.136,0.001001001001001001,0.64,0.25,0.7125000000000001,0.44999999999999996,0.7075,0.5
40,2,0.137,0.001001001001001001,0.62,0.32499999999999996,0.6725000000000001,0.375,0.74,0.4
40,2,0.138,0.001001001001001001,0.6075,0.4,0.79,0.475,0.655,0.32499999999999996
40,2,0.139,0.001001001001001001,0.6,0.25,0.7575000000000001,0.44999999999999996,0.755,0.375
40,2,0.14,0.001001001001001001,0.5750000000000001,0.275,0.8300000000000001,0.42500000000000004,0.5875000000000001,0.19999999999999996
40,2,0.141,0.001001001001001001,0.5725,0.19999999999999996,0.7825,0.5,0.6975,0.42500000000000004
40,2,0.142,0.001001001001001001,0.64,0.275,0.6875,0.475,0.6074999999999999,0.30000000000000004
40,2,0.143,0.001001001001001001,0.6199999999999999,0.32499999999999996,0.7899999999999999,0.32500000000000007,0.685,0.42499999999999993
40,2,0.144,0.001001001001001001,0.6375,0.22499999999999998,0.7474999999999999,0.42499999999999993,0.7525,0.5
40,2,0.145,0.001001001001001001,0.6399999999999999,0.29999999999999993,0.7849999999999999,0.5,0.7324999999999999,0.25
40,2,0.146,0.001001001001001001,0.62,0.29999999999999993,0.78,0.4,0.7,0.44999999999999996
40,2,0.147,0.001001001001001001,0.6475,0.32499999999999996,0.7749999999999998,0.5,0.655,0.5
40,2,0.148,0.001001001001001001,0.605,0.22499999999999998,0.7499999999999999,0.475,0.6824999999999999,0.35
40,2,0.149,0.001001001001001001,0.6275,0.29999999999999993,0.8025,0.42499999999999993,0.565,0.17500000000000004
40,2,0.15,0.001001001001001001,0.655,0.25,0.7775000000000001,0.42500000000000004,0.6525000000000001,0.4
40,2,0.151,0.001001001001001001,0.665,0.29999999999999993,0.7975,0.475,0.6725,0.35
40,2,0.152,0.001001001001001001,0.635,0.32499999999999996,0.8074999999999999,0.475,0.7025,0.4
40,2,0.153,0.001001001001001001,0.6125,0.29999999999999993,0.74,0.475,0.6775,0.44999999999999996
40,2,0.154,0.001001001001001001,0.645,0.275,0.655,0.42499999999999993,0.6525000000000001,0.35
40,2,0.155,0.001001001001001001,0.575,0.22499999999999998,0.8099999999999999,0.44999999999999996,0.7024999999999999,0.44999999999999996
40,2,0.156,0.001001001001001001,0.6699999999999999,0.29999999999999993,0.7150000000000001,0.475,0.6449999999999999,0.42499999999999993
40,2,0.157,0.001001001001001001,0.5874999999999999,0.32499999999999996,0.7949999999999999,0.475,0.67,0.35
40,2,0.158,0.001001001001001001,0.63,0.19999999999999996,0.6525000000000001,0.475,0.6849999999999999,0.375
40,2,0.159,0.001001001001001001,0.725,0.32500000000000007,0.6174999999999999,0.44999999999999996,0.6700000000000002,0.475
40,2,0.16,0.001001001001001001,0.6100000000000001,0.19999999999999996,0.8075000000000001,0.5,0.7325,0.44999999999999996
40,2,0.161,0.001001001001001001,0.6475000000000002,0.30000000000000004,0.7849999999999999,0.5,0.7225,0.475
40,2,0.162,0.001001001001001001,0.625,0.35,0.7375000000000002,0.475,0.7699999999999998,0.5
40,2,0.163,0.001001001001001001,0.6,0.19999999999999996,0.7899999999999998,0.4,0.6824999999999999,0.3999999999999999
40,2,0.164,0.001001001001001001,0.6275,0.22499999999999998,0.7725,0.5,0.6675,0.4
40,2,0.165,0.001001001001001001,0.5974999999999999,0.30000000000000004,0.6849999999999999,0.475,0.7275,0.5
40,2,0.166,0.001001001001001001,0.6500000000000001,0.25,0.7925,0.475,0.6125,0.4
40,2,0.167,0.001001001001001001,0.6399999999999999,0.35,0.715,0.44999999999999996,0.6824999999999999,0.44999999999999996
40,2,0.168,0.001001001001001001,0.6249999999999999,0.275,0.7424999999999999,0.475,0.6375,0.4
40,2,0.169,0.001001001001001001,0.6325,0.25,0.7100000000000001,0.5,0.7100000000000001,0.475
40,2,0.17,0.001001001001001001,0.62,0.30000000000000004,0.7749999999999999,0.475,0.7825,0.42499999999999993
40,2,0.171,0.001001001001001001,0.595,0.19999999999999996,0.7175,0.475,0.6424999999999998,0.275
40,2,0.172,0.001001001001001001,0.615,0.25,0.6900000000000001,0.475,0.6950000000000001,0.5
40,2,0.173,0.001001001001001001,0.585,0.19999999999999996,0.8400000000000001,0.42500000000000004,0.6950000000000001,0.475
40,2,0.174,0.001001001001001001,0.6475000000000001,0.275,0.7875,0.5,0.7575,0.42500000000000004
40,2,0.175,0.001001001001001001,0.6824999999999999,0.32499999999999996,0.8150000000000001,0.475,0.6474999999999999,0.4
40,2,0.176,0.001001001001001001,0.6125,0.19999999999999996,0.6725000000000001,0.5,0.65,0.29999999999999993
40,2,0.177,0.001001001001001001,0.6025,0.375,0.7775000000000001,0.5,0.645,0.475
40,2,0.178,0.001001001001001001,0.6675,0.30000000000000004,0.7775000000000001,0.475,0.65,0.3999999999999999
40,2,0.179,0.001001001001001001,0.6074999999999999,0.19999999999999996,0.7,0.475,0.7024999999999999,0.4
40,2,0.18,0.001001001001001001,0.66,0.32499999999999996,0.7625,0.44999999999999996,0.68,0.375
40,2,0.181,0.001001001001001001,0.6400000000000001,0.42499999999999993,0.6925,0.5,0.7225,0.475
40,2,0.182,0.001001001001001001,0.6799999999999999,0.42500000000000004,0.74,0.475,0.6925000000000001,0.475
40,2,0.183,0.001001001001001001,0.6425,0.30000000000000004,0.8,0.42500000000000004,0.7350000000000001,0.44999999999999996
40,2,0.184,0.001001001001001001,0.5850000000000002,0.30000000000000004,0.85,0.4,0.7125000000000001,0.475
40,2,0.185,0.001001001001001001,0.6325000000000001,0.35,0.7224999999999999,0.5,0.6,0.30000000000000004
40,2,0.186,0.001001001001001001,0.7024999999999999,0.375,0.8949999999999999,0.5,0.6975,0.475
40,2,0.187,0.001001001001001001,0.6375,0.25,0.75,0.5,0.72,0.475
40,2,0.188,0.001001001001001001,0.6325000000000001,0.275,0.785,0.5,0.765,0.475
40,2,0.189,0.001001001001001001,0.6675,0.30000000000000004,0.76,0.475,0.69,0.44999999999999996
40,2,0.19,0.001001001001001001,0.6174999999999999,0.25,0.8,0.475,0.7525000000000001,0.5
40,2,0.191,0.001001001001001001,0.6199999999999999,0.22499999999999998,0.7625,0.475,0.755,0.475
40,2,0.192,0.001001001001001001,0.655,0.2749999999999999,0.7474999999999999,0.5,0.6725,0.375
40,2,0.193,0.001001001001001001,0.7225,0.375,0.7625,0.475,0.8074999999999999,0.5
40,2,0.194,0.001001001001001001,0.6100000000000001,0.22499999999999998,0.8275,0.475,0.7,0.44999999999999996
40,2,0.195,0.001001001001001001,0.5774999999999999,0.275,0.78,0.44999999999999996,0.7849999999999999,0.475
40,2,0.196,0.001001001001001001,0.6224999999999999,0.19999999999999996,0.835,0.5,0.7225,0.475
40,2,0.197,0.001001001001001001,0.5925,0.25,0.7075,0.5,0.7075,0.44999999999999996
40,2,0.198,0.001001001001001001,0.6699999999999999,0.29999999999999993,0.76,0.475,0.6250000000000001,0.29999999999999993
40,2,0.199,0.001001001001001001,0.645,0.32499999999999996,0.7074999999999999,0.5,0.6575,0.5
40,2,0.2,0.001001001001001001,0.6425,0.275,0.7675,0.44999999999999996,0.7200000000000001,0.475
40,2,0.201,0.001001001001001001,0.6675,0.32499999999999996,0.75,0.475,0.6875,0.32499999999999996
40,2,0.202,0.001001001001001001,0.6050000000000001,0.275,0.7725,0.475,0.7175,0.5
40,2,0.203,0.001001001001001001,0.6375,0.20000000000000007,0.675,0.5,0.7200000000000001,0.475
40,2,0.204,0.001001001001001001,0.6675,0.2749999999999999,0.8074999999999999,0.475,0.6499999999999999,0.5
40,2,0.205,0.001001001001001001,0.64,0.4,0.76,0.475,0.7675,0.5
40,2,0.206,0.001001001001001001,0.7025,0.35,0.875,0.44999999999999996,0.7175,0.475
40,2,0.207,0.001001001001001001,0.66,0.275,0.8375,0.475,0.78,0.5
40,2,0.208,0.001001001001001001,0.6775000000000001,0.25,0.7900000000000001,0.5,0.6825000000000001,0.44999999999999996
40,2,0.209,0.001001001001001001,0.6775,0.375,0.705,0.5,0.7775000000000001,0.5
40,2,0.21,0.001001001001001001,0.6624999999999999,0.35,0.8074999999999999,0.5,0.7975,0.44999999999999996
40,2,0.211,0.001001001001001001,0.6500000000000001,0.275,0.67,0.5,0.685,0.475
40,2,0.212,0.001001001001001001,0.6675,0.25,0.7175,0.5,0.6925,0.475
40,2,0.213,0.001001001001001001,0.6275000000000001,0.275,0.76,0.44999999999999996,0.7249999999999999,0.44999999999999996
40,2,0.214,0.001001001001001001,0.665,0.32499999999999996,0.875,0.475,0.8099999999999999,0.44999999999999996
40,2,0.215,0.001001001001001001,0.68,0.29999999999999993,0.675,0.5,0.635,0.5
40,2,0.216,0.001001001001001001,0.6399999999999999,0.22499999999999998,0.7275,0.475,0.7125,0.5
40,2,0.217,0.001001001001001001,0.6224999999999999,0.25,0.7150000000000001,0.475,0.6024999999999999,0.35
40,2,0.218,0.001001001001001001,0.665,0.2250000000000001,0.745,0.44999999999999996,0.7224999999999999,0.475
40,2,0.219,0.001001001001001001,0.6,0.22499999999999998,0.7849999999999999,0.5,0.7975000000000001,0.5
40,2,0.22,0.001001001001001001,0.6499999999999999,0.42499999999999993,0.7825,0.475,0.5825,0.32499999999999996
40,2,0.221,0.001001001001001001,0.6075,0.32499999999999996,0.785,0.475,0.7599999999999999,0.475
40,2,0.222,0.001001001001001001,0.5925,0.25,0.8025,0.475,0.7325000000000002,0.475
40,2,0.223,0.001001001001001001,0.6625000000000001,0.20000000000000007,0.7025,0.5,0.6325000000000001,0.375
40,2,0.224,0.001001001001001001,0.62,0.22499999999999998,0.8150000000000002,0.475,0.7074999999999999,0.475
40,2,0.225,0.001001001001001001,0.6725000000000001,0.20000000000000007,0.6525000000000001,0.5,0.6825000000000001,0.44999999999999996
40,2,0.226,0.001001001001001001,0.6174999999999999,0.22499999999999998,0.72,0.475,0.6875,0.475
40,2,0.227,0.001001001001001001,0.7000000000000002,0.375,0.76,0.475,0.7075,0.5
40,2,0.228,0.001001001001001001,0.6174999999999999,0.22499999999999998,0.8025,0.475,0.7474999999999999,0.475
40,2,0.229,0.001001001001001001,0.6475,0.32499999999999996,0.7525,0.5,0.7075,0.5
40,2,0.23,0.001001001001001001,0.695,0.32499999999999996,0.7925000000000001,0.5,0.6950000000000001,0.5
40,2,0.231,0.001001001001001001,0.6475000000000001,0.375,0.7799999999999999,0.475,0.705,0.5
40,2,0.232,0.001001001001001001,0.655,0.2749999999999999,0.7049999999999998,0.44999999999999996,0.8,0.44999999999999996
40,2,0.233,0.001001001001001001,0.6699999999999999,0.4,0.8225000000000001,0.475,0.675,0.5
40,2,0.234,0.001001001001001001,0.6875000000000001,0.4,0.6975,0.475,0.74,0.475
40,2,0.235,0.001001001001001001,0.6375,0.375,0.76,0.42500000000000004,0.7549999999999998,0.5
40,2,0.236,0.001001001001001001,0.6725,0.4,0.8699999999999999,0.42500000000000004,0.6375,0.42500000000000004
40,2,0.237,0.001001001001001001,0.6825,0.29999999999999993,0.7849999999999999,0.5,0.82,0.5
40,2,0.238,0.001001001001001001,0.6674999999999999,0.29999999999999993,0.71,0.5,0.7150000000000001,0.475
40,2,0.239,0.001001001001001001,0.6725,0.32499999999999996,0.9199999999999999,0.42500000000000004,0.5850000000000001,0.22499999999999998
40,2,0.24,0.001001001001001001,0.6174999999999999,0.275,0.7875,0.5,0.7649999999999999,0.44999999999999996
40,2,0.241,0.001001001001001001,0.6025,0.22499999999999998,0.835,0.475,0.7725000000000001,0.5
40,2,0.242,0.001001001001001001,0.6625,0.25,0.775,0.5,0.765,0.44999999999999996
40,2,0.243,0.001001001001001001,0.7049999999999998,0.375,0.7300000000000001,0.5,0.6575,0.475
40,2,0.244,0.001001001001001001,0.6450000000000001,0.32499999999999996,0.8574999999999999,0.44999999999999996,0.725,0.475
40,2,0.245,0.001001001001001001,0.6799999999999999,0.375,0.74,0.475,0.7325,0.475
40,2,0.246,0.001001001001001001,0.6400000000000001,0.29999999999999993,0.865,0.44999999999999996,0.7625,0.475
40,2,0.247,0.001001001001001001,0.635,0.30000000000000004,0.8149999999999998,0.5,0.65,0.5
40,2,0.248,0.001001001001001001,0.7150000000000001,0.25,0.9524999999999999,0.44999999999999996,0.7424999999999999,0.44999999999999996
40,2,0.249,0.001001001001001001,0.6625,0.22499999999999998,0.8275,0.44999999999999996,0.8675,0.42500000000000004
40,2,0.25,0.001001001001001001,0.665,0.375,0.7750000000000001,0.475,0.7300000000000002,0.475
40,2,0.251,0.001001001001001001,0.65,0.375,0.5750000000000001,0.15000000000000002,0.7474999999999999,0.475
40,2,0.252,0.001001001001001001,0.6500000000000001,0.32499999999999996,0.8125,0.44999999999999996,0.805,0.44999999999999996
40,2,0.253,0.001001001001001001,0.615,0.19999999999999996,0.7375,0.5,0.7775,0.475
40,2,0.254,0.001001001001001001,0.66,0.35,0.8800000000000001,0.5,0.7499999999999999,0.44999999999999996
40,2,0.255,0.001001001001001001,0.6675,0.32499999999999996,0.7999999999999999,0.475,0.7424999999999999,0.475
40,2,0.256,0.001001001001001001,0.6799999999999999,0.29999999999999993,0.8099999999999999,0.5,0.6849999999999999,0.5
40,2,0.257,0.001001001001001001,0.63,0.35,0.7024999999999999,0.5,0.6799999999999999,0.44999999999999996
40,2,0.258,0.001001001001001001,0.6525,0.25,0.74,0.475,0.7,0.475
40,2,0.259,0.001001001001001001,0.655,0.29999999999999993,0.8174999999999999,0.475,0.7325,0.475
40,2,0.26,0.001001001001001001,0.675,0.32499999999999996,0.735,0.5,0.72,0.5
40,2,0.261,0.001001001001001001,0.665,0.2749999999999999,0.785,0.475,0.765,0.5
40,2,0.262,0.001001001001001001,0.6625,0.32499999999999996,0.7550000000000001,0.475,0.6925,0.5
40,2,0.263,0.001001001001001001,0.6575,0.32499999999999996,0.875,0.42500000000000004,0.8350000000000002,0.475
40,2,0.264,0.001001001001001001,0.6725,0.35,0.875,0.475,0.755,0.475
40,2,0.265,0.001001001001001001,0.7424999999999999,0.30000000000000004,0.765,0.5,0.6975,0.5
40,2,0.266,0.001001001001001001,0.665,0.375,0.8150000000000001,0.44999999999999996,0.675,0.5
40,2,0.267,0.001001001001001001,0.7,0.375,0.785,0.475,0.7625,0.5
40,2,0.268,0.001001001001001001,0.6775,0.32499999999999996,0.8025,0.475,0.7100000000000001,0.5
40,2,0.269,0.001001001001001001,0.6525000000000001,0.275,0.76,0.475,0.68,0.5
40,2,0.27,0.001001001001001001,0.6825000000000001,0.32499999999999996,0.775,0.475,0.6975,0.475
40,2,0.271,0.001001001001001001,0.6975,0.29999999999999993,0.725,0.5,0.8,0.475
40,2,0.272,0.001001001001001001,0.6875,0.32499999999999996,0.7249999999999999,0.475,0.7575000000000001,0.475
40,2,0.273,0.001001001001001001,0.6675000000000001,0.275,0.7250000000000001,0.475,0.8550000000000001,0.475
40,2,0.274,0.001001001001001001,0.6925000000000001,0.42500000000000004,0.8649999999999999,0.5,0.62,0.5
40,2,0.275,0.001001001001001001,0.6124999999999999,0.22499999999999998,0.7825,0.5,0.8275,0.5
40,2,0.276,0.001001001001001001,0.6399999999999999,0.375,0.8975,0.5,0.6125,0.42500000000000004
40,2,0.277,0.001001001001001001,0.6325000000000001,0.29999999999999993,0.9125,0.42500000000000004,0.6975,0.5
40,2,0.278,0.001001001001001001,0.6925,0.29999999999999993,0.7225,0.475,0.7075,0.475
40,2,0.279,0.001001001001001001,0.6275,0.29999999999999993,0.8125,0.5,0.8099999999999999,0.475
40,2,0.28,0.001001001001001001,0.6425000000000001,0.32499999999999996,0.8100000000000002,0.475,0.7675,0.44999999999999996
40,2,0.281,0.001001001001001001,0.6600000000000001,0.4,0.74,0.475,0.7050000000000001,0.475
40,2,0.282,0.001001001001001001,0.7,0.25,0.6675,0.5,0.7874999999999999,0.5
40,2,0.283,0.001001001001001001,0.6675000000000001,0.29999999999999993,0.7825,0.475,0.8899999999999999,0.5
40,2,0.284,0.001001001001001001,0.6575,0.32499999999999996,0.7075,0.5,0.7525000000000002,0.475
40,2,0.285,0.001001001001001001,0.65,0.2749999999999999,0.9025000000000001,0.5,0.6450000000000001,0.5
40,2,0.286,0.001001001001001001,0.6950000000000001,0.35,0.645,0.5,0.7275,0.475
40,2,0.287,0.001001001001001001,0.6950000000000001,0.375,0.78,0.5,0.655,0.5
40,2,0.288,0.001001001001001001,0.6900000000000001,0.35,0.6775,0.475,0.7775000000000001,0.475
40,2,0.289,0.001001001001001001,0.6799999999999999,0.44999999999999996,0.8024999999999999,0.44999999999999996,0.7874999999999999,0.44999999999999996
40,2,0.29,0.001001001001001001,0.6950000000000001,0.375,0.7175,0.475,0.7100000000000001,0.475
40,2,0.291,0.001001001001001001,0.6875000000000001,0.32499999999999996,0.82,0.475,0.76,0.475
40,2,0.292,0.001001001001001001,0.635,0.35,0.7425,0.475,0.7274999999999999,0.475
40,2,0.293,0.001001001001001001,0.7075,0.32499999999999996,0.7475,0.5,0.9075000000000001,0.4
40,2,0.294,0.001001001001001001,0.6525,0.4,0.6975,0.44999999999999996,0.7500000000000001,0.475
40,2,0.295,0.001001001001001001,0.6449999999999999,0.375,0.7475,0.5,0.8225000000000001,0.5
40,2,0.296,0.001001001001001001,0.6399999999999999,0.25,0.765,0.475,0.75,0.475
40,2,0.297,0.001001001001001001,0.6224999999999999,0.275,0.9025000000000001,0.475,0.9175000000000001,0.475
40,2,0.298,0.001001001001001001,0.6525000000000001,0.375,0.7225,0.5,0.6874999999999999,0.5
40,2,0.299,0.001001001001001001,0.7375,0.35,0.8175000000000001,0.475,0.7325,0.5
40,2,0.3,0.001001001001001001,0.6225,0.25,0.69,0.5,0.78,0.475
40,2,0.301,0.001001001001001001,0.68,0.275,0.8224999999999998,0.475,0.7300000000000001,0.44999999999999996
40,2,0.302,0.001001001001001001,0.6874999999999999,0.2749999999999999,0.7775000000000001,0.475,0.8550000000000001,0.475
40,2,0.303,0.001001001001001001,0.67,0.29999999999999993,0.73,0.5,0.7024999999999999,0.5
40,2,0.304,0.001001001001001001,0.63,0.4,0.7474999999999999,0.5,0.825,0.5
40,2,0.305,0.001001001001001001,0.6124999999999999,0.30000000000000004,0.7725,0.5,0.795,0.475
40,2,0.306,0.001001001001001001,0.6375,0.4,0.7075,0.5,0.7125,0.5
40,2,0.307,0.001001001001001001,0.6675,0.3999999999999999,0.8550000000000001,0.5,0.8425,0.5
40,2,0.308,0.001001001001001001,0.6725000000000001,0.25,0.645,0.5,0.8175000000000001,0.42500000000000004
40,2,0.309,0.001001001001001001,0.655,0.32499999999999996,0.6725000000000001,0.5,0.7099999999999999,0.5
40,2,0.31,0.001001001001001001,0.6875,0.375,0.8125,0.475,0.765,0.5
40,2,0.311,0.001001001001001001,0.7175,0.4,0.8399999999999999,0.475,0.9225,0.42500000000000004
40,2,0.312,0.001001001001001001,0.7050000000000001,0.42499999999999993,0.7125,0.475,0.71,0.5
40,2,0.313,0.001001001001001001,0.685,0.25,0.8150000000000001,0.5,0.7499999999999999,0.5
40,2,0.314,0.001001001001001001,0.685,0.29999999999999993,0.6950000000000001,0.5,0.8375,0.475
40,2,0.315,0.001001001001001001,0.71,0.35,0.7300000000000001,0.475,0.7725000000000001,0.475
40,2,0.316,0.001001001001001001,0.6475000000000002,0.275,0.7975000000000001,0.475,0.7124999999999999,0.5
40,2,0.317,0.001001001001001001,0.705,0.30000000000000004,0.7425,0.475,0.7775,0.5
40,2,0.318,0.001001001001001001,0.6775,0.22499999999999998,0.8275,0.5,0.69,0.5
40,2,0.319,0.001001001001001001,0.6124999999999999,0.35,0.825,0.475,0.8774999999999998,0.44999999999999996
40,2,0.32,0.001001001001001001,0.7175,0.375,0.735,0.5,0.6849999999999999,0.475
40,2,0.321,0.001001001001001001,0.6074999999999999,0.25,0.82,0.475,0.7699999999999999,0.475
40,2,0.322,0.001001001001001001,0.6775,0.29999999999999993,0.5850000000000001,0.5,0.6650000000000001,0.475
40,2,0.323,0.001001001001001001,0.72,0.35,0.6074999999999999,0.5,0.6825,0.5
40,2,0.324,0.001001001001001001,0.6725,0.35,0.7324999999999999,0.5,0.8225000000000001,0.42500000000000004
40,2,0.325,0.001001001001001001,0.7050000000000001,0.375,0.7875,0.475,0.8324999999999999,0.5
40,2,0.326,0.001001001001001001,0.6675,0.375,0.7975,0.5,0.6799999999999999,0.5
40,2,0.327,0.001001001001001001,0.6525000000000001,0.32499999999999996,0.82,0.475,0.635,0.475
40,2,0.328,0.001001001001001001,0.6275000000000001,0.19999999999999996,0.7075000000000001,0.475,0.7675000000000001,0.475
40,2,0.329,0.001001001001001001,0.6749999999999999,0.25,0.8275,0.475,0.7749999999999999,0.44999999999999996
40,2,0.33,0.001001001001001001,0.6449999999999999,0.35,0.7525,0.44999999999999996,0.6699999999999998,0.44999999999999996
40,2,0.331,0.001001001001001001,0.7000000000000001,0.4,0.835,0.475,0.7324999999999999,0.475
40,2,0.332,0.001001001001001001,0.7474999999999998,0.44999999999999996,0.8274999999999999,0.475,0.75,0.475
40,2,0.333,0.001001001001001001,0.69,0.30000000000000004,0.78,0.5,0.5975,0.5
40,2,0.334,0.001001001001001001,0.65,0.32499999999999996,0.7424999999999999,0.44999999999999996,0.67,0.44999999999999996
40,2,0.335,0.001001001001001001,0.6425,0.4,0.7225,0.475,0.8200000000000001,0.475
40,2,0.336,0.001001001001001001,0.5999999999999999,0.25,0.7625000000000001,0.475,0.6875,0.475
40,2,0.337,0.001001001001001001,0.6650000000000001,0.35,0.755,0.475,0.7975,0.475
40,2,0.338,0.001001001001001001,0.7025,0.42499999999999993,0.7725,0.5,0.7249999999999999,0.5
40,2,0.339,0.001001001001001001,0.68,0.32499999999999996,0.635,0.5,0.8725000000000002,0.475
40,2,0.34,0.001001001001001001,0.6599999999999999,0.4,0.6925,0.5,0.6874999999999999,0.5
40,2,0.341,0.001001001001001001,0.7525,0.375,0.915,0.42500000000000004,0.74,0.5
40,2,0.342,0.001001001001001001,0.6974999999999999,0.375,0.82,0.5,0.7350000000000001,0.475
40,2,0.343,0.001001001001001001,0.7074999999999999,0.35,0.7975,0.5,0.8324999999999999,0.475
40,2,0.344,0.001001001001001001,0.7425,0.375,0.8775000000000001,0.5,0.68,0.5
40,2,0.345,0.001001001001001001,0.6399999999999999,0.32499999999999996,0.8300000000000001,0.475,0.825,0.5
40,2,0.346,0.001001001001001001,0.67,0.275,0.73,0.5,0.7825,0.5
40,2,0.347,0.001001001001001001,0.675,0.32499999999999996,0.6925000000000001,0.5,0.6675000000000001,0.5
40,2,0.348,0.001001001001001001,0.6799999999999999,0.35,0.7699999999999999,0.5,0.6475,0.5
40,2,0.349,0.001001001001001001,0.6900000000000002,0.29999999999999993,0.8300000000000001,0.44999999999999996,0.74,0.44999999999999996
40,2,0.35,0.001001001001001001,0.6625,0.4,0.7625,0.475,0.7374999999999999,0.475
40,2,0.351,0.001001001001001001,0.7,0.35,0.835,0.475,0.6475,0.5
40,2,0.352,0.001001001001001001,0.705,0.32499999999999996,0.8225,0.475,0.8525,0.42500000000000004
40,2,0.353,0.001001001001001001,0.7350000000000001,0.375,0.7725,0.475,0.7,0.5
40,2,0.354,0.001001001001001001,0.695,0.3999999999999999,0.8150000000000001,0.475,0.6675000000000001,0.5
40,2,0.355,0.001001001001001001,0.7075,0.375,0.825,0.5,0.7375,0.5
40,2,0.356,0.001001001001001001,0.7150000000000001,0.375,0.7725,0.5,0.7575000000000001,0.5
40,2,0.357,0.001001001001001001,0.68,0.42500000000000004,0.7625000000000001,0.5,0.715,0.5
40,2,0.358,0.001001001001001001,0.6749999999999999,0.35,0.7575000000000001,0.44999999999999996,0.725,0.5
40,2,0.359,0.001001001001001001,0.6275000000000001,0.35,0.9125,0.44999999999999996,0.845,0.475
40,2,0.36,0.001001001001001001,0.7350000000000001,0.275,0.7375,0.5,0.7424999999999999,0.5
40,2,0.361,0.001001001001001001,0.695,0.29999999999999993,0.8300000000000001,0.475,0.7350000000000001,0.475
40,2,0.362,0.001001001001001001,0.7075,0.275,0.7225,0.5,0.9299999999999999,0.44999999999999996
40,2,0.363,0.001001001001001001,0.6900000000000002,0.35,0.8674999999999999,0.5,0.6475,0.5
40,2,0.364,0.001001001001001001,0.63,0.35,0.6799999999999999,0.5,0.8149999999999998,0.5
40,2,0.365,0.001001001001001001,0.675,0.29999999999999993,0.7000000000000001,0.475,0.68,0.475
40,2,0.366,0.001001001001001001,0.6825000000000001,0.35,0.8,0.475,0.8399999999999999,0.44999999999999996
40,2,0.367,0.001001001001001001,0.7025,0.35,0.735,0.5,0.7649999999999999,0.475
40,2,0.368,0.001001001001001001,0.705,0.25,0.6950000000000001,0.5,0.8275,0.5
40,2,0.369,0.001001001001001001,0.7150000000000001,0.2749999999999999,0.8,0.475,0.7225,0.5
40,2,0.37,0.001001001001001001,0.7225,0.4,0.7949999999999999,0.44999999999999996,0.6699999999999999,0.5
40,2,0.371,0.001001001001001001,0.72,0.35,0.8200000000000001,0.475,0.74,0.475
40,2,0.372,0.001001001001001001,0.7275,0.30000000000000004,0.7324999999999999,0.475,0.6024999999999999,0.475
40,2,0.373,0.001001001001001001,0.6125,0.42500000000000004,0.6849999999999999,0.5,0.77,0.475
40,2,0.374,0.001001001001001001,0.7224999999999999,0.275,0.775,0.475,0.8474999999999999,0.475
40,2,0.375,0.001001001001001001,0.6549999999999999,0.32499999999999996,0.7725,0.475,0.6875,0.475
40,2,0.376,0.001001001001001001,0.6300000000000001,0.32499999999999996,0.6225,0.5,0.8,0.5
40,2,0.377,0.001001001001001001,0.6725,0.375,0.8174999999999999,0.475,0.74,0.5
40,2,0.378,0.001001001001001001,0.6799999999999999,0.35,0.845,0.475,0.7125000000000001,0.475
40,2,0.379,0.001001001001001001,0.6849999999999998,0.29999999999999993,0.7125000000000001,0.475,0.705,0.475
40,2,0.38,0.001001001001001001,0.645,0.22499999999999998,0.7249999999999999,0.5,0.7125,0.5
40,2,0.381,0.001001001001001001,0.6675000000000001,0.375,0.73,0.5,0.7374999999999999,0.475
40,2,0.382,0.001001001001001001,0.6825,0.35,0.6875,0.475,0.6100000000000001,0.475
40,2,0.383,0.001001001001001001,0.6850000000000002,0.375,0.905,0.475,0.8074999999999999,0.5
40,2,0.384,0.001001001001001001,0.68,0.29999999999999993,0.8225,0.44999999999999996,0.8200000000000001,0.475
40,2,0.385,0.001001001001001001,0.58,0.275,0.9049999999999999,0.44999999999999996,0.85,0.475
40,2,0.386,0.001001001001001001,0.645,0.375,0.7649999999999999,0.5,0.8099999999999999,0.5
40,2,0.387,0.001001001001001001,0.635,0.19999999999999996,0.865,0.44999999999999996,0.825,0.44999999999999996
40,2,0.388,0.001001001001001001,0.6874999999999999,0.35,0.7725,0.5,0.6874999999999999,0.5
40,2,0.389,0.001001001001001001,0.6175,0.29999999999999993,0.7325,0.5,0.7100000000000001,0.475
40,2,0.39,0.001001001001001001,0.6375,0.375,0.7825,0.5,0.6775,0.5
40,2,0.391,0.001001001001001001,0.6849999999999999,0.35,0.78,0.475,0.6875,0.5
40,2,0.392,0.001001001001001001,0.5850000000000002,0.275,0.8075000000000001,0.5,0.7074999999999999,0.5
40,2,0.393,0.001001001001001001,0.6874999999999999,0.32499999999999996,0.8175000000000001,0.5,0.6625,0.5
40,2,0.394,0.001001001001001001,0.6300000000000001,0.32499999999999996,0.8225,0.475,0.6875,0.475
40,2,0.395,0.001001001001001001,0.6649999999999999,0.375,0.7425,0.475,0.8374999999999998,0.475
40,2,0.396,0.001001001001001001,0.6100000000000001,0.275,0.645,0.5,0.7175,0.5
40,2,0.397,0.001001001001001001,0.7125000000000001,0.375,0.6475000000000001,0.5,0.7875,0.44999999999999996
40,2,0.398,0.001001001001001001,0.7374999999999998,0.32499999999999996,0.6924999999999999,0.475,0.6599999999999999,0.5
40,2,0.399,0.001001001001001001,0.68,0.25,0.6675,0.475,0.655,0.475
40,2,0.4,0.001001001001001001,0.7675,0.42500000000000004,0.8300000000000001,0.475,0.7125,0.5
40,2,0.401,0.001001001001001001,0.7200000000000001,0.35,0.76,0.5,0.7324999999999999,0.5
40,2,0.402,0.001001001001001001,0.6300000000000001,0.25,0.7075,0.475,0.6900000000000001,0.475
40,2,0.403,0.001001001001001001,0.7225,0.4,0.8525,0.475,0.8475000000000001,0.475
40,2,0.404,0.001001001001001001,0.685,0.29999999999999993,0.775,0.5,0.6724999999999999,0.475
40,2,0.405,0.001001001001001001,0.7,0.44999999999999996,0.8699999999999999,0.475,0.8225,0.44999999999999996
40,2,0.406,0.001001001001001001,0.7150000000000001,0.42500000000000004,0.6475,0.5,0.6874999999999999,0.5
40,2,0.407,0.001001001001001001,0.7050000000000001,0.4,0.8125,0.5,0.6950000000000001,0.5
40,2,0.408,0.001001001001001001,0.74,0.42500000000000004,0.79,0.475,0.78,0.475
40,2,0.409,0.001001001001001001,0.6675,0.375,0.8800000000000001,0.5,0.73,0.5
40,2,0.41,0.001001001001001001,0.65,0.32499999999999996,0.7475,0.475,0.6599999999999999,0.475
40,2,0.411,0.001001001001001001,0.6575,0.32499999999999996,0.8275,0.475,0.8350000000000002,0.44999999999999996
40,2,0.412,0.001001001001001001,0.6775,0.375,0.8600000000000001,0.5,0.6824999999999999,0.5
40,2,0.413,0.001001001001001001,0.6325000000000001,0.42500000000000004,0.8425,0.5,0.76,0.5
40,2,0.414,0.001001001001001001,0.65,0.375,0.6775,0.5,0.9199999999999999,0.42500000000000004
40,2,0.415,0.001001001001001001,0.6275000000000001,0.29999999999999993,0.7424999999999999,0.475,0.7350000000000001,0.5
40,2,0.416,0.001001001001001001,0.7325,0.25,0.8699999999999999,0.475,0.7325000000000002,0.475
40,2,0.417,0.001001001001001001,0.6525000000000001,0.42500000000000004,0.7424999999999999,0.475,0.7,0.475
40,2,0.418,0.001001001001001001,0.73,0.32500000000000007,0.7224999999999999,0.44999999999999996,0.8049999999999999,0.44999999999999996
40,2,0.419,0.001001001001001001,0.6900000000000001,0.32499999999999996,0.7324999999999999,0.5,0.6799999999999999,0.5
40,2,0.42,0.001001001001001001,0.6575,0.32499999999999996,0.78,0.5,0.7300000000000001,0.5
40,2,0.421,0.001001001001001001,0.6900000000000001,0.375,0.785,0.475,0.6824999999999999,0.5
40,2,0.422,0.001001001001001001,0.62,0.32499999999999996,0.8375,0.5,0.82,0.475
40,2,0.423,0.001001001001001001,0.6874999999999999,0.35,0.72,0.5,0.6174999999999999,0.475
40,2,0.424,0.001001001001001001,0.6799999999999999,0.275,0.7325,0.5,0.725,0.5
40,2,0.425,0.001001001001001001,0.6775,0.375,0.8125,0.5,0.6350000000000001,0.5
40,2,0.426,0.001001001001001001,0.7375,0.42500000000000004,0.82,0.5,0.6575,0.5
40,2,0.427,0.001001001001001001,0.725,0.35,0.7300000000000001,0.5,0.7749999999999999,0.475
40,2,0.428,0.001001001001001001,0.6799999999999999,0.375,0.8275000000000002,0.475,0.74,0.5
40,2,0.429,0.001001001001001001,0.6500000000000001,0.32499999999999996,0.7425,0.475,0.8875,0.44999999999999996
40,2,0.43,0.001001001001001001,0.725,0.4,0.7350000000000001,0.5,0.7300000000000001,0.475
40,2,0.431,0.001001001001001001,0.69,0.275,0.9025000000000002,0.42500000000000004,0.72,0.475
40,2,0.432,0.001001001001001001,0.6975,0.42500000000000004,0.8024999999999999,0.44999999999999996,0.7575000000000001,0.5
40,2,0.433,0.001001001001001001,0.6475,0.275,0.7425,0.475,0.6825000000000001,0.475
40,2,0.434,0.001001001001001001,0.6375000000000001,0.29999999999999993,0.8125,0.5,0.7175,0.5
40,2,0.435,0.001001001001001001,0.6875,0.35,0.875,0.475,0.7325,0.5
40,2,0.436,0.001001001001001001,0.67,0.375,0.7899999999999999,0.5,0.74,0.44999999999999996
40,2,0.437,0.001001001001001001,0.7025,0.4,0.665,0.475,0.6925000000000001,0.475
40,2,0.438,0.001001001001001001,0.6725,0.375,0.6950000000000001,0.5,0.7925000000000001,0.475
40,2,0.439,0.001001001001001001,0.6525,0.375,0.865,0.5,0.66,0.475
40,2,0.44,0.001001001001001001,0.6975000000000001,0.375,0.8375,0.44999999999999996,0.6975,0.5
40,2,0.441,0.001001001001001001,0.71,0.30000000000000004,0.8074999999999999,0.44999999999999996,0.7925000000000001,0.475
40,2,0.442,0.001001001001001001,0.6599999999999999,0.375,0.7825,0.5,0.6499999999999999,0.44999999999999996
40,2,0.443,0.001001001001001001,0.705,0.375,0.835,0.42500000000000004,0.6950000000000001,0.5
40,2,0.444,0.001001001001001001,0.7125000000000001,0.4,0.8300000000000001,0.5,0.7274999999999999,0.5
40,2,0.445,0.001001001001001001,0.75,0.44999999999999996,0.8674999999999999,0.475,0.8275,0.475
40,2,0.446,0.001001001001001001,0.6924999999999999,0.32499999999999996,0.7825000000000001,0.5,0.79,0.475
40,2,0.447,0.001001001001001001,0.665,0.32499999999999996,0.8074999999999999,0.5,0.6975,0.5
40,2,0.448,0.001001001001001001,0.7275,0.32499999999999996,0.74,0.475,0.7399999999999999,0.475
40,2,0.449,0.001001001001001001,0.6624999999999999,0.35,0.8675,0.475,0.6975,0.5
40,2,0.45,0.001001001001001001,0.6724999999999999,0.35,0.8675,0.44999999999999996,0.7525,0.44999999999999996
40,2,0.451,0.001001001001001001,0.6100000000000001,0.22499999999999998,0.8300000000000001,0.475,0.6900000000000001,0.5
40,2,0.452,0.001001001001001001,0.6900000000000001,0.25,0.715,0.44999999999999996,0.8425,0.44999999999999996
40,2,0.453,0.001001001001001001,0.6950000000000001,0.4,0.77,0.5,0.865,0.5
40,2,0.454,0.001001001001001001,0.7125,0.32499999999999996,0.725,0.475,0.6975,0.475
40,2,0.455,0.001001001001001001,0.66,0.4,0.765,0.5,0.8125,0.5
40,2,0.456,0.001001001001001001,0.625,0.25,0.735,0.475,0.6575,0.475
40,2,0.457,0.001001001001001001,0.6599999999999999,0.35,0.665,0.5,0.7424999999999999,0.5
40,2,0.458,0.001001001001001001,0.7274999999999999,0.29999999999999993,0.8350000000000002,0.42500000000000004,0.74,0.475
40,2,0.459,0.001001001001001001,0.6024999999999999,0.35,0.865,0.5,0.7775,0.44999999999999996
40,2,0.46,0.001001001001001001,0.6875,0.32499999999999996,0.78,0.475,0.725,0.5
40,2,0.461,0.001001001001001001,0.6475,0.32499999999999996,0.8800000000000001,0.44999999999999996,0.7424999999999999,0.475
40,2,0.462,0.001001001001001001,0.6224999999999999,0.375,0.7474999999999999,0.5,0.8150000000000001,0.5
40,2,0.463,0.001001001001001001,0.7175,0.4,0.8275,0.5,0.7350000000000001,0.5
40,2,0.464,0.001001001001001001,0.6700000000000002,0.20000000000000007,0.6975,0.5,0.82,0.475
40,2,0.465,0.001001001001001001,0.67,0.29999999999999993,0.8325000000000001,0.5,0.8225,0.5
40,2,0.466,0.001001001001001001,0.6875000000000001,0.44999999999999996,0.8625,0.5,0.7849999999999999,0.5
40,2,0.467,0.001001001001001001,0.6799999999999999,0.375,0.825,0.475,0.7699999999999999,0.5
40,2,0.468,0.001001001001001001,0.6325000000000001,0.32499999999999996,0.7374999999999999,0.475,0.735,0.475
40,2,0.469,0.001001001001001001,0.73,0.32500000000000007,0.77,0.42500000000000004,0.7000000000000001,0.5
40,2,0.47,0.001001001001001001,0.77,0.3999999999999999,0.7525000000000002,0.475,0.75,0.475
40,2,0.471,0.001001001001001001,0.6675,0.375,0.9075,0.475,0.7424999999999999,0.475
40,2,0.472,0.001001001001001001,0.6799999999999999,0.35,0.8649999999999999,0.5,0.7274999999999999,0.5
40,2,0.473,0.001001001001001001,0.7,0.44999999999999996,0.755,0.5,0.7975000000000001,0.5
40,2,0.474,0.001001001001001001,0.6925,0.35,0.7250000000000001,0.5,0.6700000000000002,0.5
40,2,0.475,0.001001001001001001,0.7075,0.42499999999999993,0.7350000000000001,0.475,0.7324999999999999,0.475
40,2,0.476,0.001001001001001001,0.69,0.42500000000000004,0.73,0.475,0.7224999999999999,0.475
40,2,0.477,0.001001001001001001,0.6624999999999999,0.375,0.7649999999999999,0.475,0.7825,0.475
40,2,0.478,0.001001001001001001,0.7075,0.375,0.7474999999999999,0.5,0.7075,0.5
40,2,0.479,0.001001001001001001,0.6875000000000001,0.375,0.675,0.5,0.7849999999999999,0.475
40,2,0.48,0.001001001001001001,0.7224999999999999,0.4,0.8675,0.475,0.8074999999999999,0.5
40,2,0.481,0.001001001001001001,0.7175,0.375,0.865,0.5,0.7625000000000001,0.5
40,2,0.482,0.001001001001001001,0.6699999999999999,0.32499999999999996,0.9100000000000001,0.475,0.9024999999999999,0.475
40,2,0.483,0.001001001001001001,0.7150000000000001,0.42500000000000004,0.76,0.5,0.62,0.5
40,2,0.484,0.001001001001001001,0.6050000000000001,0.32499999999999996,0.6925,0.475,0.795,0.475
40,2,0.485,0.001001001001001001,0.6575,0.29999999999999993,0.9175000000000001,0.475,0.775,0.5
40,2,0.486,0.001001001001001001,0.6375000000000001,0.375,0.745,0.475,0.7699999999999999,0.475
40,2,0.487,0.001001001001001001,0.7,0.44999999999999996,0.775,0.5,0.8025,0.475
40,2,0.488,0.001001001001001001,0.7125,0.42500000000000004,0.8225,0.475,0.7749999999999999,0.5
40,2,0.489,0.001001001001001001,0.6775,0.32499999999999996,0.7975,0.44999999999999996,0.7525,0.44999999999999996
40,2,0.49,0.001001001001001001,0.6375000000000001,0.35,0.8825,0.475,0.8324999999999999,0.44999999999999996
40,2,0.491,0.001001001001001001,0.7350000000000001,0.42499999999999993,0.8699999999999999,0.475,0.7125,0.5
40,2,0.492,0.001001001001001001,0.63,0.4,0.78,0.475,0.685,0.475
40,2,0.493,0.001001001001001001,0.7224999999999999,0.375,0.7699999999999999,0.475,0.8925000000000001,0.375
40,2,0.494,0.001001001001001001,0.7325,0.29999999999999993,0.7499999999999999,0.475,0.7275,0.475
40,2,0.495,0.001001001001001001,0.6950000000000001,0.42500000000000004,0.735,0.475,0.6875,0.475
40,2,0.496,0.001001001001001001,0.665,0.32499999999999996,0.8225000000000001,0.5,0.835,0.475
40,2,0.497,0.001001001001001001,0.6975,0.4,0.915,0.42500000000000004,0.8474999999999999,0.44999999999999996
40,2,0.498,0.001001001001001001,0.6075,0.32499999999999996,0.7224999999999999,0.5,0.6900000000000001,0.5
40,2,0.499,0.001001001001001001,0.7375,0.35,0.7925,0.44999999999999996,0.7049999999999998,0.44999999999999996
40,2,0.5,0.001001001001001001,0.7425,0.42500000000000004,0.8324999999999999,0.44999999999999996,0.82,0.475
40,2,0.501,0.001001001001001001,0.7275,0.35,0.775,0.5,0.735,0.475
40,2,0.502,0.001001001001001001,0.7700000000000001,0.375,0.8774999999999998,0.44999999999999996,0.6849999999999999,0.5
40,2,0.503,0.001001001001001001,0.6200000000000001,0.375,0.65,0.475,0.6024999999999999,0.475
40,2,0.504,0.001001001001001001,0.705,0.32499999999999996,0.7775000000000001,0.5,0.8225,0.5
40,2,0.505,0.001001001001001001,0.615,0.32499999999999996,0.77,0.5,0.82,0.475
40,2,0.506,0.001001001001001001,0.76,0.3999999999999999,0.77,0.5,0.725,0.5
40,2,0.507,0.001001001001001001,0.6950000000000001,0.42500000000000004,0.7375,0.475,0.7899999999999999,0.475
40,2,0.508,0.001001001001001001,0.79,0.4,0.78,0.475,0.82,0.475
40,2,0.509,0.001001001001001001,0.6399999999999999,0.22499999999999998,0.6775000000000001,0.5,0.8150000000000001,0.475
40,2,0.51,0.001001001001001001,0.6325000000000001,0.375,0.7375,0.475,0.8675,0.475
40,2,0.511,0.001001001001001001,0.6625,0.42500000000000004,0.8299999999999998,0.44999999999999996,0.6975,0.475
40,2,0.512,0.001001001001001001,0.72,0.375,0.6,0.5,0.8074999999999999,0.5
40,2,0.513,0.001001001001001001,0.7000000000000001,0.375,0.7649999999999999,0.5,0.8125,0.5
40,2,0.514,0.001001001001001001,0.63,0.35,0.8150000000000001,0.475,0.6900000000000001,0.5
40,2,0.515,0.001001001001001001,0.6975,0.35,0.8675,0.475,0.61,0.475
40,2,0.516,0.001001001001001001,0.7125,0.375,0.8375,0.475,0.865,0.475
40,2,0.517,0.001001001001001001,0.6225,0.375,0.8274999999999999,0.44999999999999996,0.8300000000000001,0.5
40,2,0.518,0.001001001001001001,0.7374999999999999,0.32499999999999996,0.7025,0.475,0.7300000000000001,0.5
40,2,0.519,0.001001001001001001,0.715,0.29999999999999993,0.7350000000000001,0.5,0.755,0.5
40,2,0.52,0.001001001001001001,0.67,0.4,0.6950000000000001,0.5,0.6799999999999999,0.5
40,2,0.521,0.001001001001001001,0.6875,0.29999999999999993,0.7725000000000001,0.5,0.82,0.5
40,2,0.522,0.001001001001001001,0.69,0.32499999999999996,0.7725000000000001,0.475,0.7675000000000001,0.5
40,2,0.523,0.001001001001001001,0.6700000000000002,0.4,0.8174999999999999,0.475,0.7275,0.475
40,2,0.524,0.001001001001001001,0.7150000000000001,0.32499999999999996,0.7225,0.475,0.7049999999999998,0.475
40,2,0.525,0.001001001001001001,0.66,0.4,0.6699999999999999,0.5,0.68,0.5
40,2,0.526,0.001001001001001001,0.73,0.44999999999999996,0.77,0.5,0.6475000000000001,0.5
40,2,0.527,0.001001001001001001,0.6975,0.35,0.835,0.5,0.6825,0.475
40,2,0.528,0.001001001001001001,0.7175,0.32500000000000007,0.745,0.475,0.8324999999999999,0.44999999999999996
40,2,0.529,0.001001001001001001,0.7074999999999999,0.32499999999999996,0.6975,0.5,0.785,0.5
40,2,0.53,0.001001001001001001,0.6875,0.375,0.77,0.5,0.8625,0.5
40,2,0.531,0.001001001001001001,0.6475000000000001,0.32499999999999996,0.8150000000000001,0.475,0.6700000000000002,0.5
40,2,0.532,0.001001001001001001,0.67,0.4,0.8725000000000002,0.475,0.7750000000000001,0.475
40,2,0.533,0.001001001001001001,0.675,0.375,0.7675000000000001,0.5,0.7325,0.5
40,2,0.534,0.001001001001001001,0.6775,0.375,0.7350000000000001,0.5,0.7375,0.475
40,2,0.535,0.001001001001001001,0.69,0.375,0.8675,0.5,0.7725,0.475
40,2,0.536,0.001001001001001001,0.7300000000000001,0.32499999999999996,0.6625000000000001,0.5,0.615,0.5
40,2,0.537,0.001001001001001001,0.69,0.4,0.8150000000000001,0.475,0.78,0.475
40,2,0.538,0.001001001001001001,0.7125000000000001,0.35,0.7300000000000001,0.475,0.8150000000000001,0.475
40,2,0.539,0.001001001001001001,0.6799999999999999,0.32499999999999996,0.8074999999999999,0.5,0.9025000000000001,0.5
40,2,0.54,0.001001001001001001,0.645,0.44999999999999996,0.6799999999999999,0.5,0.8100000000000002,0.5
40,2,0.541,0.001001001001001001,0.675,0.32499999999999996,0.6224999999999999,0.5,0.8150000000000002,0.475
40,2,0.542,0.001001001001001001,0.6825000000000001,0.35,0.71,0.5,0.8125,0.5
40,2,0.543,0.001001001001001001,0.7474999999999999,0.4,0.8425,0.475,0.835,0.5
40,2,0.544,0.001001001001001001,0.6499999999999999,0.42500000000000004,0.7625,0.5,0.7925000000000001,0.475
40,2,0.545,0.001001001001001001,0.6575000000000001,0.4,0.7275000000000001,0.5,0.8425,0.475
40,2,0.546,0.001001001001001001,0.7,0.4,0.9125,0.475,0.675,0.5
40,2,0.547,0.001001001001001001,0.7375,0.42499999999999993,0.6325000000000001,0.5,0.775,0.475
40,2,0.548,0.001001001001001001,0.7024999999999999,0.35,0.7925,0.475,0.8775000000000001,0.475
40,2,0.549,0.001001001001001001,0.725,0.35,0.75,0.475,0.7950000000000002,0.5
40,2,0.55,0.001001001001001001,0.685,0.4,0.705,0.44999999999999996,0.8699999999999999,0.44999999999999996
40,2,0.551,0.001001001001001001,0.7125000000000001,0.35,0.6775,0.5,0.6900000000000001,0.5
40,2,0.552,0.001001001001001001,0.7125000000000001,0.375,0.9199999999999999,0.42500000000000004,0.6025000000000001,0.5
40,2,0.553,0.001001001001001001,0.6199999999999999,0.375,0.73,0.5,0.7825,0.5
40,2,0.554,0.001001001001001001,0.7225,0.375,0.725,0.5,0.7275,0.5
40,2,0.555,0.001001001001001001,0.6,0.30000000000000004,0.775,0.5,0.76,0.44999999999999996
40,2,0.556,0.001001001001001001,0.6725000000000001,0.4,0.6225,0.5,0.7524999999999998,0.5
40,2,0.557,0.001001001001001001,0.6624999999999999,0.35,0.8675,0.5,0.73,0.5
40,2,0.558,0.001001001001001001,0.7424999999999999,0.4,0.7899999999999999,0.475,0.9075,0.44999999999999996
40,2,0.559,0.001001001001001001,0.6225,0.32499999999999996,0.7325,0.5,0.8574999999999999,0.5
40,2,0.56,0.001001001001001001,0.72,0.35,0.74,0.475,0.8675,0.475
40,2,0.561,0.001001001001001001,0.645,0.32499999999999996,0.9525,0.475,0.7024999999999999,0.5
40,2,0.562,0.001001001001001001,0.7375,0.3999999999999999,0.7975000000000001,0.475,0.78,0.475
40,2,0.563,0.001001001001001001,0.8074999999999999,0.32500000000000007,0.7875000000000001,0.475,0.9075,0.44999999999999996
40,2,0.564,0.001001001001001001,0.655,0.30000000000000004,0.7325,0.475,0.6500000000000001,0.475
40,2,0.565,0.001001001001001001,0.6724999999999999,0.35,0.7474999999999999,0.475,0.8850000000000001,0.44999999999999996
40,2,0.566,0.001001001001001001,0.7100000000000001,0.4,0.8375,0.44999999999999996,0.8649999999999999,0.475
40,2,0.567,0.001001001001001001,0.7074999999999999,0.4,0.7375,0.5,0.8074999999999999,0.475
40,2,0.568,0.001001001001001001,0.7175,0.375,0.6925000000000001,0.475,0.7325,0.475
40,2,0.569,0.001001001001001001,0.7050000000000001,0.4,0.71,0.5,0.8175000000000001,0.5
40,2,0.57,0.001001001001001001,0.6849999999999999,0.375,0.7575000000000001,0.44999999999999996,0.8025,0.44999999999999996
40,2,0.571,0.001001001001001001,0.6950000000000001,0.4,0.7325,0.475,0.7725,0.5
40,2,0.572,0.001001001001001001,0.7075000000000001,0.4,0.75,0.475,0.8125,0.5
40,2,0.573,0.001001001001001001,0.6700000000000002,0.35,0.8724999999999998,0.44999999999999996,0.77,0.5
40,2,0.574,0.001001001001001001,0.7150000000000001,0.4,0.8649999999999999,0.475,0.6525,0.5
40,2,0.575,0.001001001001001001,0.7100000000000001,0.35,0.7725000000000001,0.475,0.8600000000000001,0.475
40,2,0.576,0.001001001001001001,0.705,0.375,0.8350000000000002,0.42500000000000004,0.8300000000000001,0.44999999999999996
40,2,0.577,0.001001001001001001,0.6975,0.375,0.7324999999999999,0.5,0.8574999999999999,0.475
40,2,0.578,0.001001001001001001,0.7625,0.275,0.8150000000000001,0.475,0.7725000000000001,0.5
40,2,0.579,0.001001001001001001,0.7150000000000001,0.35,0.905,0.475,0.7325000000000002,0.475
40,2,0.58,0.001001001001001001,0.625,0.375,0.8125,0.5,0.825,0.5
40,2,0.581,0.001001001001001001,0.625,0.32499999999999996,0.7274999999999999,0.5,0.6525000000000001,0.5
40,2,0.582,0.001001001001001001,0.625,0.35,0.8574999999999999,0.42500000000000004,0.775,0.5
40,2,0.583,0.001001001001001001,0.765,0.375,0.9075000000000001,0.475,0.74,0.475
40,2,0.584,0.001001001001001001,0.72,0.3500000000000001,0.635,0.5,0.76,0.5
40,2,0.585,0.001001001001001001,0.725,0.42499999999999993,0.6975,0.5,0.78,0.5
40,2,0.586,0.001001001001001001,0.6675,0.475,0.8225,0.475,0.7675,0.5
40,2,0.587,0.001001001001001001,0.7049999999999998,0.4,0.7274999999999999,0.5,0.8150000000000001,0.475
40,2,0.588,0.001001001001001001,0.7700000000000001,0.35,0.7275,0.5,0.7224999999999999,0.5
40,2,0.589,0.001001001001001001,0.7474999999999999,0.4,0.8275,0.475,0.6325000000000001,0.5
40,2,0.59,0.001001001001001001,0.6800000000000002,0.4,0.8125,0.5,0.7150000000000001,0.5
40,2,0.591,0.001001001001001001,0.6825,0.4,0.825,0.5,0.7424999999999999,0.5
40,2,0.592,0.001001001001001001,0.6475,0.375,0.735,0.5,0.7649999999999999,0.5
40,2,0.593,0.001001001001001001,0.66,0.25,0.7999999999999999,0.475,0.7499999999999999,0.5
40,2,0.594,0.001001001001001001,0.655,0.35,0.9099999999999999,0.44999999999999996,0.82,0.44999999999999996
40,2,0.595,0.001001001001001001,0.7324999999999999,0.35,0.8175000000000001,0.5,0.7875,0.475
40,2,0.596,0.001001001001001001,0.7,0.4,0.8775000000000001,0.475,0.8324999999999999,0.475
40,2,0.597,0.001001001001001001,0.6825,0.375,0.7825,0.44999999999999996,0.74,0.44999999999999996
40,2,0.598,0.001001001001001001,0.6749999999999999,0.375,0.8625,0.475,0.9075,0.42500000000000004
40,2,0.599,0.001001001001001001,0.635,0.35,0.7725000000000001,0.5,0.8099999999999999,0.5
40,2,0.6,0.001001001001001001,0.6375,0.4,0.7375,0.5,0.785,0.475
40,2,0.601,0.001001001001001001,0.6725000000000001,0.44999999999999996,0.79,0.5,0.8274999999999999,0.44999999999999996
40,2,0.602,0.001001001001001001,0.7300000000000001,0.35,0.7475,0.475,0.8275,0.44999999999999996
40,2,0.603,0.001001001001001001,0.745,0.375,0.825,0.475,0.905,0.5
40,2,0.604,0.001001001001001001,0.7424999999999999,0.42500000000000004,0.8300000000000001,0.5,0.86,0.5
40,2,0.605,0.001001001001001001,0.6775,0.35,0.77,0.5,0.7350000000000001,0.5
40,2,0.606,0.001001001001001001,0.7975,0.44999999999999996,0.7474999999999998,0.44999999999999996,0.7375,0.475
40,2,0.607,0.001001001001001001,0.6649999999999999,0.42500000000000004,0.8225,0.5,0.8150000000000001,0.5
40,2,0.608,0.001001001001001001,0.7075,0.3999999999999999,0.6475,0.5,0.725,0.5
40,2,0.609,0.001001001001001001,0.68,0.42500000000000004,0.825,0.475,0.8225,0.475
40,2,0.61,0.001001001001001001,0.6599999999999999,0.4,0.7250000000000001,0.5,0.7875,0.5
40,2,0.611,0.001001001001001001,0.7150000000000001,0.35,0.7550000000000001,0.475,0.7175,0.475
40,2,0.612,0.001001001001001001,0.66,0.32499999999999996,0.7775000000000001,0.5,0.845,0.5
40,2,0.613,0.001001001001001001,0.6925000000000001,0.4,0.875,0.475,0.8625,0.475
40,2,0.614,0.001001001001001001,0.715,0.29999999999999993,0.845,0.44999999999999996,0.805,0.475
40,2,0.615,0.001001001001001001,0.725,0.42500000000000004,0.8725000000000002,0.475,0.7500000000000001,0.5
40,2,0.616,0.001001001001001001,0.77,0.375,0.7275,0.475,0.6825,0.5
40,2,0.617,0.001001001001001001,0.705,0.4,0.7474999999999999,0.44999999999999996,0.7899999999999999,0.44999999999999996
40,2,0.618,0.001001001001001001,0.6874999999999999,0.375,0.8274999999999999,0.5,0.72,0.5
40,2,0.619,0.001001001001001001,0.765,0.4,0.8275,0.475,0.6975,0.475
40,2,0.62,0.001001001001001001,0.7225,0.35,0.8774999999999998,0.44999999999999996,0.6874999999999999,0.5
40,2,0.621,0.001001001001001001,0.6075,0.4,0.6525000000000001,0.5,0.78,0.5
40,2,0.622,0.001001001001001001,0.66,0.375,0.7025,0.5,0.8825,0.42500000000000004
40,2,0.623,0.001001001001001001,0.6675,0.25,0.7150000000000001,0.475,0.9324999999999999,0.35
40,2,0.624,0.001001001001001001,0.7,0.275,0.725,0.5,0.7249999999999999,0.5
40,2,0.625,0.001001001001001001,0.6725,0.375,0.8300000000000001,0.475,0.8625,0.475
40,2,0.626,0.001001001001001001,0.625,0.375,0.78,0.475,0.78,0.5
40,2,0.627,0.001001001001001001,0.6250000000000001,0.35,0.8375,0.5,0.795,0.5
40,2,0.628,0.001001001001001001,0.76,0.275,0.8550000000000001,0.5,0.7775000000000001,0.5
40,2,0.629,0.001001001001001001,0.6525,0.375,0.8074999999999999,0.5,0.7575000000000001,0.5
40,2,0.63,0.001001001001001001,0.6825,0.375,0.8125,0.5,0.8099999999999999,0.5
40,2,0.631,0.001001001001001001,0.7450000000000001,0.4,0.8225,0.5,0.775,0.5
40,2,0.632,0.001001001001001001,0.72,0.44999999999999996,0.915,0.475,0.6925000000000001,0.475
40,2,0.633,0.001001001001001001,0.705,0.4,0.7575,0.5,0.8400000000000001,0.5
40,2,0.634,0.001001001001001001,0.6375,0.32499999999999996,0.6799999999999999,0.5,0.765,0.5
40,2,0.635,0.001001001001001001,0.66,0.32499999999999996,0.7125,0.5,0.8099999999999999,0.5
40,2,0.636,0.001001001001001001,0.7025,0.35,0.865,0.5,0.8250000000000002,0.475
40,2,0.637,0.001001001001001001,0.6975,0.375,0.7325,0.475,0.76,0.5
40,2,0.638,0.001001001001001001,0.7000000000000001,0.4,0.7325,0.475,0.7375,0.475
40,2,0.639,0.001001001001001001,0.6225,0.375,0.735,0.475,0.7424999999999999,0.5
40,2,0.64,0.001001001001001001,0.6475,0.4,0.8550000000000001,0.5,0.5900000000000001,0.5
40,2,0.641,0.001001001001001001,0.705,0.375,0.7700000000000001,0.5,0.8175000000000001,0.5
40,2,0.642,0.001001001001001001,0.6224999999999999,0.32499999999999996,0.7849999999999999,0.5,0.74,0.5
40,2,0.643,0.001001001001001001,0.6725000000000001,0.4,0.7350000000000001,0.5,0.8225,0.475
40,2,0.644,0.001001001001001001,0.6325,0.275,0.9149999999999998,0.44999999999999996,0.7775000000000001,0.475
40,2,0.645,0.001001001001001001,0.7,0.4,0.9650000000000001,0.35,0.7625,0.5
40,2,0.646,0.001001001001001001,0.7625000000000001,0.35,0.7200000000000001,0.5,0.7725,0.475
40,2,0.647,0.001001001001001001,0.6799999999999999,0.32499999999999996,0.7325,0.5,0.875,0.5
40,2,0.648,0.001001001001001001,0.655,0.29999999999999993,0.6525,0.5,0.7050000000000001,0.5
40,2,0.649,0.001001001001001001,0.6925,0.35,0.745,0.475,0.6525000000000001,0.5
40,2,0.65,0.001001001001001001,0.6675000000000001,0.4,0.7350000000000001,0.475,0.74,0.475
40,2,0.651,0.001001001001001001,0.6874999999999999,0.375,0.74,0.5,0.6775,0.5
40,2,0.652,0.001001001001001001,0.6325000000000001,0.35,0.8175000000000001,0.475,0.8074999999999999,0.5
40,2,0.653,0.001001001001001001,0.7525000000000001,0.4,0.8150000000000001,0.5,0.7825,0.44999999999999996
40,2,0.654,0.001001001001001001,0.635,0.32499999999999996,0.86,0.475,0.905,0.475
40,2,0.655,0.001001001001001001,0.725,0.42500000000000004,0.9099999999999999,0.475,0.7675000000000001,0.5
40,2,0.656,0.001001001001001001,0.7375,0.375,0.7024999999999999,0.5,0.7499999999999999,0.5
40,2,0.657,0.001001001001001001,0.745,0.32499999999999996,0.7325,0.475,0.78,0.5
40,2,0.658,0.001001001001001001,0.7425,0.375,0.74,0.5,0.82,0.5
40,2,0.659,0.001001001001001001,0.7825,0.4,0.7424999999999999,0.5,0.7974999999999999,0.475
40,2,0.66,0.001001001001001001,0.625,0.4,0.64,0.475,0.7275,0.475
40,2,0.661,0.001001001001001001,0.705,0.32499999999999996,0.7224999999999999,0.5,0.77,0.5
40,2,0.662,0.001001001001001001,0.7474999999999999,0.42500000000000004,0.7924999999999999,0.5,0.795,0.475
40,2,0.663,0.001001001001001001,0.7425,0.4,0.76,0.475,0.7100000000000001,0.475
40,2,0.664,0.001001001001001001,0.7174999999999999,0.44999999999999996,0.7875,0.5,0.8550000000000001,0.5
40,2,0.665,0.001001001001001001,0.64,0.4,0.72,0.5,0.7174999999999999,0.5
40,2,0.666,0.001001001001001001,0.7525000000000001,0.375,0.7375,0.475,0.685,0.475
40,2,0.667,0.001001001001001001,0.6250000000000001,0.375,0.8324999999999999,0.475,0.7424999999999999,0.475
40,2,0.668,0.001001001001001001,0.625,0.32499999999999996,0.7925000000000002,0.475,0.7525,0.475
40,2,0.669,0.001001001001001001,0.6675,0.32499999999999996,0.8699999999999999,0.5,0.7825,0.475
40,2,0.67,0.001001001001001001,0.6774999999999999,0.29999999999999993,0.6900000000000002,0.475,0.8200000000000001,0.475
40,2,0.671,0.001001001001001001,0.69,0.35,0.7725000000000001,0.5,0.7225,0.5
40,2,0.672,0.001001001001001001,0.7025,0.35,0.8825000000000001,0.44999999999999996,0.9225,0.4
40,2,0.673,0.001001001001001001,0.7,0.4,0.7274999999999999,0.5,0.72,0.5
40,2,0.674,0.001001001001001001,0.645,0.375,0.8175000000000001,0.5,0.78,0.5
40,2,0.675,0.001001001001001001,0.6475000000000002,0.29999999999999993,0.7775000000000001,0.5,0.6525000000000001,0.5
40,2,0.676,0.001001001001001001,0.72,0.375,0.7024999999999999,0.5,0.7374999999999999,0.5
40,2,0.677,0.001001001001001001,0.6500000000000001,0.375,0.8400000000000001,0.44999999999999996,0.8175000000000001,0.475
40,2,0.678,0.001001001001001001,0.7325000000000002,0.375,0.7775000000000001,0.5,0.8625,0.44999999999999996
40,2,0.679,0.001001001001001001,0.6325000000000001,0.32499999999999996,0.8299999999999998,0.5,0.7399999999999999,0.475
40,2,0.68,0.001001001001001001,0.8000000000000002,0.3500000000000001,0.7750000000000001,0.475,0.9524999999999999,0.44999999999999996
40,2,0.681,0.001001001001001001,0.6900000000000001,0.29999999999999993,0.7474999999999999,0.5,0.74,0.5
40,2,0.682,0.001001001001001001,0.6925,0.35,0.8275,0.475,0.7675,0.5
40,2,0.683,0.001001001001001001,0.6124999999999999,0.375,0.8550000000000001,0.5,0.675,0.5
40,2,0.684,0.001001001001001001,0.72,0.44999999999999996,0.7325,0.5,0.8600000000000001,0.5
40,2,0.685,0.001001001001001001,0.725,0.44999999999999996,0.6575,0.5,0.6525,0.5
40,2,0.686,0.001001001001001001,0.7050000000000001,0.44999999999999996,0.86,0.5,0.73,0.5
40,2,0.687,0.001001001001001001,0.6675,0.32499999999999996,0.8299999999999998,0.44999999999999996,0.655,0.5
40,2,0.688,0.001001001001001001,0.7425,0.4,0.7474999999999999,0.475,0.8099999999999998,0.475
40,2,0.689,0.001001001001001001,0.5750000000000001,0.32499999999999996,0.78,0.5,0.775,0.5
40,2,0.69,0.001001001001001001,0.7,0.375,0.775,0.5,0.7224999999999999,0.5
40,2,0.691,0.001001001001001001,0.7175,0.35,0.915,0.5,0.7725000000000001,0.5
40,2,0.692,0.001001001001001001,0.6475000000000002,0.375,0.7775,0.475,0.8149999999999998,0.5
40,2,0.693,0.001001001001001001,0.6900000000000001,0.375,0.6749999999999999,0.5,0.6900000000000001,0.5
40,2,0.694,0.001001001001001001,0.7375,0.4,0.8775000000000001,0.475,0.7675000000000001,0.5
40,2,0.695,0.001001001001001001,0.78,0.42500000000000004,0.78,0.5,0.8099999999999999,0.5
40,2,0.696,0.001001001001001001,0.7,0.375,0.75,0.475,0.7474999999999999,0.44999999999999996
40,2,0.697,0.001001001001001001,0.6775,0.375,0.7825000000000001,0.475,0.65,0.475
40,2,0.698,0.001001001001001001,0.7225000000000001,0.375,0.7150000000000001,0.5,0.7250000000000001,0.475
40,2,0.699,0.001001001001001001,0.6975,0.32499999999999996,0.77,0.475,0.8125,0.5
40,2,0.7,0.001001001001001001,0.6525000000000001,0.375,0.7375,0.475,0.7875000000000001,0.475
40,2,0.701,0.001001001001001001,0.7,0.42500000000000004,0.8200000000000001,0.475,0.7750000000000001,0.475
40,2,0.702,0.001001001001001001,0.715,0.4,0.8475000000000001,0.42500000000000004,0.7125000000000001,0.475
40,2,0.703,0.001001001001001001,0.6799999999999999,0.4,0.6375000000000001,0.475,0.9099999999999999,0.475
40,2,0.704,0.001001001001001001,0.7375,0.4,0.7725,0.5,0.6774999999999999,0.5
40,2,0.705,0.001001001001001001,0.6350000000000001,0.375,0.79,0.475,0.7474999999999999,0.475
40,2,0.706,0.001001001001001001,0.8025,0.42499999999999993,0.8775000000000001,0.44999999999999996,0.7725,0.475
40,2,0.707,0.001001001001001001,0.7525000000000001,0.375,0.8,0.42500000000000004,0.6974999999999999,0.475
40,2,0.708,0.001001001001001001,0.6675000000000001,0.375,0.6375000000000001,0.5,0.7675000000000001,0.5
40,2,0.709,0.001001001001001001,0.6325000000000001,0.4,0.6475,0.475,0.8724999999999999,0.44999999999999996
40,2,0.71,0.001001001001001001,0.6675,0.375,0.8400000000000001,0.42500000000000004,0.7350000000000001,0.5
40,2,0.711,0.001001001001001001,0.645,0.35,0.7475,0.475,0.7550000000000001,0.475
40,2,0.712,0.001001001001001001,0.67,0.375,0.7875000000000001,0.475,0.9550000000000001,0.44999999999999996
40,2,0.713,0.001001001001001001,0.5525,0.32499999999999996,0.8125,0.5,0.805,0.5
40,2,0.714,0.001001001001001001,0.69,0.32499999999999996,0.7375,0.5,0.6425000000000001,0.5
40,2,0.715,0.001001001001001001,0.7224999999999999,0.375,0.825,0.475,0.8724999999999999,0.44999999999999996
40,2,0.716,0.001001001001001001,0.66,0.4,0.8175000000000001,0.5,0.7525000000000001,0.475
40,2,0.717,0.001001001001001001,0.6725000000000001,0.42500000000000004,0.79,0.475,0.82,0.475
40,2,0.718,0.001001001001001001,0.6675000000000001,0.375,0.7275,0.475,0.6875,0.5
40,2,0.719,0.001001001001001001,0.7275000000000001,0.35,0.77,0.5,0.7725000000000001,0.5
40,2,0.72,0.001001001001001001,0.6725,0.32499999999999996,0.7675000000000001,0.475,0.7200000000000001,0.5
40,2,0.721,0.001001001001001001,0.7374999999999999,0.375,0.73,0.475,0.7699999999999999,0.475
40,2,0.722,0.001001001001001001,0.7075000000000001,0.44999999999999996,0.8150000000000001,0.5,0.74,0.5
40,2,0.723,0.001001001001001001,0.8099999999999999,0.375,0.7825000000000001,0.5,0.7375,0.475
40,2,0.724,0.001001001001001001,0.705,0.375,0.8125,0.5,0.8125,0.5
40,2,0.725,0.001001001001001001,0.6975,0.42500000000000004,0.8149999999999998,0.475,0.7725000000000001,0.5
40,2,0.726,0.001001001001001001,0.6699999999999999,0.42500000000000004,0.6150000000000001,0.5,0.82,0.475
40,2,0.727,0.001001001001001001,0.675,0.42500000000000004,0.8724999999999999,0.44999999999999996,0.7225,0.475
40,2,0.728,0.001001001001001001,0.6950000000000001,0.4,0.74,0.5,0.7500000000000001,0.475
40,2,0.729,0.001001001001001001,0.71,0.35,0.8350000000000002,0.475,0.8675,0.475
40,2,0.73,0.001001001001001001,0.6050000000000001,0.275,0.74,0.5,0.72,0.5
40,2,0.731,0.001001001001001001,0.6699999999999999,0.4,0.7424999999999999,0.5,0.6849999999999999,0.5
40,2,0.732,0.001001001001001001,0.69,0.375,0.8300000000000001,0.475,0.7375,0.5
40,2,0.733,0.001001001001001001,0.725,0.42500000000000004,0.8625,0.5,0.82,0.5
40,2,0.734,0.001001001001001001,0.6925000000000001,0.42499999999999993,0.8600000000000001,0.475,0.8225,0.475
40,2,0.735,0.001001001001001001,0.7225,0.4,0.725,0.5,0.7275,0.5
40,2,0.736,0.001001001001001001,0.7525000000000002,0.475,0.9199999999999999,0.5,0.7775000000000001,0.5
40,2,0.737,0.001001001001001001,0.7,0.4,0.7325,0.5,0.8225,0.5
40,2,0.738,0.001001001001001001,0.76,0.4,0.7024999999999999,0.475,0.8175000000000001,0.475
40,2,0.739,0.001001001001001001,0.765,0.4,0.7875,0.475,0.8875,0.4
40,2,0.74,0.001001001001001001,0.7625,0.375,0.7550000000000001,0.475,0.7100000000000001,0.475
40,2,0.741,0.001001001001001001,0.7275,0.4,0.7475,0.5,0.7150000000000001,0.5
40,2,0.742,0.001001001001001001,0.66,0.375,0.7725000000000001,0.475,0.8550000000000001,0.5
40,2,0.743,0.001001001001001001,0.65,0.44999999999999996,0.72,0.5,0.8550000000000001,0.5
40,2,0.744,0.001001001001001001,0.7749999999999999,0.42499999999999993,0.64,0.5,0.8225,0.475
40,2,0.745,0.001001001001001001,0.6625,0.32499999999999996,0.73,0.5,0.75,0.5
40,2,0.746,0.001001001001001001,0.76,0.4,0.9225,0.42500000000000004,0.7500000000000001,0.475
40,2,0.747,0.001001001001001001,0.6499999999999999,0.32499999999999996,0.7775000000000001,0.5,0.7275,0.5
40,2,0.748,0.001001001001001001,0.72,0.4,0.8125,0.5,0.82,0.5
40,2,0.749,0.001001001001001001,0.7624999999999998,0.4,0.8825,0.44999999999999996,0.775,0.5
40,2,0.75,0.001001001001001001,0.645,0.42500000000000004,0.9099999999999999,0.475,0.7575000000000001,0.5
40,2,0.751,0.001001001001001001,0.6975,0.375,0.65,0.5,0.7474999999999999,0.5
40,2,0.752,0.001001001001001001,0.8024999999999999,0.32499999999999996,0.7475,0.5,0.8174999999999999,0.5
40,2,0.753,0.001001001001001001,0.6775,0.42500000000000004,0.78,0.5,0.7675,0.5
40,2,0.754,0.001001001001001001,0.72,0.35,0.7050000000000001,0.475,0.9100000000000001,0.475
40,2,0.755,0.001001001001001001,0.6875,0.29999999999999993,0.7725,0.5,0.76,0.5
40,2,0.756,0.001001001001001001,0.6875,0.42500000000000004,0.7925,0.475,0.79,0.44999999999999996
40,2,0.757,0.001001001001001001,0.6025,0.4,0.865,0.5,0.8649999999999999,0.5
40,2,0.758,0.001001001001001001,0.6250000000000001,0.32499999999999996,0.8075000000000001,0.5,0.72,0.5
40,2,0.759,0.001001001001001001,0.61,0.32499999999999996,0.7300000000000001,0.475,0.6825,0.475
40,2,0.76,0.001001001001001001,0.75,0.4,0.85,0.4,0.7474999999999999,0.5
40,2,0.761,0.001001001001001001,0.6775,0.35,0.6725,0.5,0.8099999999999999,0.5
40,2,0.762,0.001001001001001001,0.6875000000000001,0.32499999999999996,0.7275,0.5,0.915,0.5
40,2,0.763,0.001001001001001001,0.7150000000000001,0.32499999999999996,0.8225,0.475,0.7725,0.5
40,2,0.764,0.001001001001001001,0.7825,0.42499999999999993,0.8175000000000001,0.475,0.8150000000000001,0.475
40,2,0.765,0.001001001001001001,0.685,0.35,0.8600000000000001,0.5,0.72,0.475
40,2,0.766,0.001001001001001001,0.7350000000000001,0.375,0.6975,0.5,0.78,0.475
40,2,0.767,0.001001001001001001,0.5900000000000001,0.32499999999999996,0.7225,0.5,0.8150000000000001,0.475
40,2,0.768,0.001001001001001001,0.8049999999999999,0.30000000000000004,0.825,0.475,0.7875,0.475
40,2,0.769,0.001001001001001001,0.645,0.375,0.865,0.475,0.7849999999999999,0.5
40,2,0.77,0.001001001001001001,0.71,0.375,0.82,0.5,0.8125,0.5
40,2,0.771,0.001001001001001001,0.7625,0.375,0.735,0.475,0.8125,0.475
40,2,0.772,0.001001001001001001,0.7925,0.4,0.9550000000000001,0.44999999999999996,0.7775,0.44999999999999996
40,2,0.773,0.001001001001001001,0.695,0.35,0.8325000000000001,0.475,0.8325000000000001,0.475
40,2,0.774,0.001001001001001001,0.7224999999999999,0.375,0.7375,0.5,0.79,0.475
40,2,0.775,0.001001001001001001,0.7400000000000001,0.32500000000000007,0.8175000000000001,0.475,0.6624999999999999,0.475
40,2,0.776,0.001001001001001001,0.6600000000000001,0.44999999999999996,0.75,0.475,0.9199999999999999,0.42500000000000004
40,2,0.777,0.001001001001001001,0.7650000000000001,0.4,0.6975,0.5,0.6625,0.475
40,2,0.778,0.001001001001001001,0.7124999999999999,0.35,0.7775000000000001,0.475,0.6599999999999999,0.44999999999999996
40,2,0.779,0.001001001001001001,0.7575000000000001,0.375,0.82,0.475,0.685,0.475
40,2,0.78,0.001001001001001001,0.705,0.44999999999999996,0.7299999999999999,0.5,0.8175000000000001,0.5
40,2,0.781,0.001001001001001001,0.6174999999999999,0.35,0.8324999999999999,0.44999999999999996,0.7849999999999999,0.475
40,2,0.782,0.001001001001001001,0.62,0.4,0.9125,0.475,0.5975,0.5
40,2,0.783,0.001001001001001001,0.6375,0.4,0.8324999999999999,0.44999999999999996,0.7325,0.5
40,2,0.784,0.001001001001001001,0.6725,0.35,0.8125,0.5,0.69,0.5
40,2,0.785,0.001001001001001001,0.7649999999999999,0.35,0.7825,0.475,0.7775,0.475
40,2,0.786,0.001001001001001001,0.6775,0.42500000000000004,0.6725000000000001,0.5,0.7125000000000001,0.5
40,2,0.787,0.001001001001001001,0.72,0.375,0.65,0.5,0.9024999999999999,0.475
40,2,0.788,0.001001001001001001,0.7150000000000001,0.35,0.77,0.5,0.765,0.475
40,2,0.789,0.001001001001001001,0.6100000000000001,0.44999999999999996,0.7375,0.475,0.6525000000000001,0.475
40,2,0.79,0.001001001001001001,0.7225,0.32499999999999996,0.8724999999999999,0.475,0.74,0.475
40,2,0.791,0.001001001001001001,0.7424999999999999,0.42500000000000004,0.67,0.5,0.8225,0.5
40,2,0.792,0.001001001001001001,0.7825,0.35,0.7325,0.475,0.8574999999999999,0.5
40,2,0.793,0.001001001001001001,0.665,0.42500000000000004,0.7174999999999999,0.5,0.74,0.5
40,2,0.794,0.001001001001001001,0.675,0.35,0.7825,0.475,0.7849999999999999,0.44999999999999996
40,2,0.795,0.001001001001001001,0.6824999999999999,0.4,0.7725,0.5,0.7424999999999999,0.5
40,2,0.796,0.001001001001001001,0.755,0.3500000000000001,0.8574999999999999,0.5,0.6425,0.5
40,2,0.797,0.001001001001001001,0.8425,0.275,0.7775,0.475,0.8150000000000001,0.475
40,2,0.798,0.001001001001001001,0.6525000000000001,0.35,0.865,0.5,0.945,0.475
40,2,0.799,0.001001001001001001,0.6975,0.35,0.7375,0.475,0.7799999999999999,0.44999999999999996
40,2,0.8,0.001001001001001001,0.7374999999999999,0.375,0.7525,0.5,0.7825,0.5
40,2,0.801,0.001001001001001001,0.7300000000000001,0.4,0.7275,0.475,0.8975,0.475
40,2,0.802,0.001001001001001001,0.6625,0.32499999999999996,0.675,0.5,0.7825000000000001,0.475
40,2,0.803,0.001001001001001001,0.635,0.4,0.7725000000000001,0.5,0.8625,0.475
40,2,0.804,0.001001001001001001,0.6825,0.375,0.7799999999999999,0.5,0.8400000000000001,0.44999999999999996
40,2,0.805,0.001001001001001001,0.7925000000000001,0.375,0.705,0.475,0.6975,0.5
40,2,0.806,0.001001001001001001,0.6950000000000001,0.4,0.7424999999999999,0.475,0.685,0.475
40,2,0.807,0.001001001001001001,0.7024999999999999,0.29999999999999993,0.78,0.475,0.945,0.42500000000000004
40,2,0.808,0.001001001001001001,0.6675000000000001,0.42500000000000004,0.8575000000000002,0.475,0.7650000000000001,0.475
40,2,0.809,0.001001001001001001,0.675,0.42500000000000004,0.7350000000000001,0.5,0.7975000000000001,0.475
40,2,0.81,0.001001001001001001,0.6575,0.35,0.73,0.5,0.7874999999999999,0.44999999999999996
40,2,0.811,0.001001001001001001,0.6825,0.35,0.7399999999999999,0.44999999999999996,0.8775000000000001,0.44999999999999996
40,2,0.812,0.001001001001001001,0.695,0.4,0.7350000000000001,0.5,0.635,0.5
40,2,0.813,0.001001001001001001,0.7424999999999999,0.42500000000000004,0.7525000000000001,0.475,0.8275,0.475
40,2,0.814,0.001001001001001001,0.74,0.4,0.8375,0.42500000000000004,0.8699999999999999,0.42500000000000004
40,2,0.815,0.001001001001001001,0.63,0.35,0.7275,0.475,0.8549999999999999,0.475
40,2,0.816,0.001001001001001001,0.7350000000000001,0.44999999999999996,0.7375,0.475,0.825,0.44999999999999996
40,2,0.817,0.001001001001001001,0.685,0.4,0.8725000000000002,0.44999999999999996,0.65,0.5
40,2,0.818,0.001001001001001001,0.655,0.35,0.6625,0.475,0.8675,0.5
40,2,0.819,0.001001001001001001,0.6625,0.29999999999999993,0.7425,0.5,0.7100000000000001,0.5
40,2,0.82,0.001001001001001001,0.7150000000000001,0.35,0.79,0.42500000000000004,0.8299999999999998,0.475
40,2,0.821,0.001001001001001001,0.6375000000000001,0.35,0.7350000000000001,0.5,0.74,0.5
40,2,0.822,0.001001001001001001,0.7400000000000001,0.375,0.8699999999999999,0.475,0.7775000000000001,0.475
40,2,0.823,0.001001001001001001,0.6675000000000001,0.32499999999999996,0.905,0.475,0.7350000000000001,0.5
40,2,0.824,0.001001001001001001,0.7274999999999999,0.4,0.785,0.475,0.72,0.475
40,2,0.825,0.001001001001001001,0.7249999999999999,0.35,0.7100000000000001,0.475,0.8724999999999999,0.475
40,2,0.826,0.001001001001001001,0.7575000000000001,0.4,0.7925,0.5,0.6925000000000001,0.5
40,2,0.827,0.001001001001001001,0.7475,0.4,0.635,0.5,0.6825,0.5
40,2,0.828,0.001001001001001001,0.7024999999999999,0.375,0.6425000000000001,0.5,0.775,0.5
40,2,0.829,0.001001001001001001,0.655,0.375,0.75,0.5,0.8324999999999999,0.44999999999999996
40,2,0.83,0.001001001001001001,0.8150000000000001,0.3999999999999999,0.7424999999999999,0.475,0.7849999999999999,0.475
40,2,0.831,0.001001001001001001,0.6649999999999999,0.32499999999999996,0.8100000000000002,0.5,0.7424999999999999,0.5
40,2,0.832,0.001001001001001001,0.7300000000000001,0.35,0.7849999999999999,0.475,0.85,0.475
40,2,0.833,0.001001001001001001,0.7125,0.32499999999999996,0.7275,0.5,0.7725,0.5
40,2,0.834,0.001001001001001001,0.7150000000000001,0.375,0.74,0.475,0.8200000000000001,0.475
40,2,0.835,0.001001001001001001,0.7475,0.375,0.8125,0.475,0.7174999999999999,0.5
40,2,0.836,0.001001001001001001,0.6100000000000001,0.35,0.695,0.475,0.8724999999999999,0.475
40,2,0.837,0.001001001001001001,0.7350000000000001,0.42500000000000004,0.875,0.44999999999999996,0.6825,0.475
40,2,0.838,0.001001001001001001,0.745,0.35,0.7525000000000001,0.5,0.7575000000000001,0.475
40,2,0.839,0.001001001001001001,0.75,0.4,0.7875,0.44999999999999996,0.7975000000000001,0.475
40,2,0.84,0.001001001001001001,0.6525000000000001,0.4,0.8125,0.5,0.8099999999999999,0.5
40,2,0.841,0.001001001001001001,0.6425,0.32499999999999996,0.9525,0.475,0.78,0.5
40,2,0.842,0.001001001001001001,0.7,0.35,0.6575,0.5,0.8599999999999998,0.5
40,2,0.843,0.001001001001001001,0.645,0.32499999999999996,0.8800000000000001,0.44999999999999996,0.9099999999999999,0.44999999999999996
40,2,0.844,0.001001001001001001,0.6775,0.35,0.6675,0.5,0.7424999999999999,0.5
40,2,0.845,0.001001001001001001,0.6050000000000001,0.35,0.86,0.5,0.8150000000000001,0.5
40,2,0.846,0.001001001001001001,0.67,0.35,0.8175000000000001,0.5,0.8625,0.475
40,2,0.847,0.001001001001001001,0.7250000000000001,0.4,0.6875,0.475,0.8675,0.475
40,2,0.848,0.001001001001001001,0.7825,0.30000000000000004,0.8024999999999999,0.44999999999999996,0.785,0.5
40,2,0.849,0.001001001001001001,0.7175,0.35,0.9125,0.44999999999999996,0.7750000000000001,0.475
40,2,0.85,0.001001001001001001,0.7375,0.4,0.6975,0.5,0.6175,0.5
40,2,0.851,0.001001001001001001,0.6399999999999999,0.375,0.875,0.475,0.75,0.5
40,2,0.852,0.001001001001001001,0.73,0.4,0.7875,0.475,0.7050000000000001,0.475
40,2,0.853,0.001001001001001001,0.7274999999999999,0.4,0.725,0.5,0.7375,0.5
40,2,0.854,0.001001001001001001,0.7775000000000001,0.375,0.7925,0.475,0.6525,0.475
40,2,0.855,0.001001001001001001,0.7699999999999999,0.30000000000000004,0.7375,0.475,0.8275,0.44999999999999996
40,2,0.856,0.001001001001001001,0.7125000000000001,0.42500000000000004,0.775,0.5,0.78,0.475
40,2,0.857,0.001001001001001001,0.7,0.42500000000000004,0.645,0.5,0.6775,0.475
40,2,0.858,0.001001001001001001,0.8550000000000001,0.125,0.8574999999999999,0.5,0.905,0.5
40,2,0.859,0.001001001001001001,0.6575,0.375,0.79,0.475,0.79,0.475
40,2,0.86,0.001001001001001001,0.6975000000000001,0.375,0.7700000000000001,0.475,0.7500000000000001,0.475
40,2,0.861,0.001001001001001001,0.7025,0.35,0.82,0.5,0.7475,0.475
40,2,0.862,0.001001001001001001,0.6475000000000001,0.44999999999999996,0.7699999999999999,0.5,0.8699999999999999,0.44999999999999996
40,2,0.863,0.001001001001001001,0.6950000000000001,0.4,0.82,0.475,0.8574999999999999,0.5
40,2,0.864,0.001001001001001001,0.675,0.375,0.8625,0.5,0.67,0.5
40,2,0.865,0.001001001001001001,0.7125000000000001,0.42499999999999993,0.95,0.5,0.7200000000000001,0.475
40,2,0.866,0.001001001001001001,0.7550000000000001,0.4,0.8025,0.475,0.78,0.44999999999999996
40,2,0.867,0.001001001001001001,0.6900000000000001,0.4,0.8324999999999999,0.44999999999999996,0.8699999999999999,0.44999999999999996
40,2,0.868,0.001001001001001001,0.7825000000000001,0.32500000000000007,0.8375,0.44999999999999996,0.7050000000000001,0.5
40,2,0.869,0.001001001001001001,0.6224999999999999,0.35,0.7300000000000001,0.475,0.6425000000000001,0.5
40,2,0.87,0.001001001001001001,0.6675,0.35,0.825,0.5,0.82,0.5
40,2,0.871,0.001001001001001001,0.675,0.35,0.6300000000000001,0.5,0.8125,0.475
40,2,0.872,0.001001001001001001,0.6224999999999999,0.35,0.7950000000000002,0.5,0.8275,0.5
40,2,0.873,0.001001001001001001,0.6499999999999999,0.4,0.625,0.5,0.8649999999999999,0.5
40,2,0.874,0.001001001001001001,0.605,0.375,0.835,0.475,0.7825,0.5
40,2,0.875,0.001001001001001001,0.64,0.4,0.7000000000000001,0.475,0.9125,0.475
40,2,0.876,0.001001001001001001,0.725,0.375,0.78,0.5,0.775,0.5
40,2,0.877,0.001001001001001001,0.65,0.375,0.9099999999999999,0.5,0.7875,0.5
40,2,0.878,0.001001001001001001,0.7325,0.4,0.8550000000000001,0.5,0.655,0.5
40,2,0.879,0.001001001001001001,0.7375,0.44999999999999996,0.6875,0.5,0.6900000000000001,0.5
40,2,0.88,0.001001001001001001,0.7249999999999999,0.42500000000000004,0.6900000000000001,0.5,0.7325,0.5
40,2,0.881,0.001001001001001001,0.6725,0.4,0.7250000000000001,0.44999999999999996,0.72,0.44999999999999996
40,2,0.882,0.001001001001001001,0.7175,0.42500000000000004,0.715,0.5,0.65,0.5
40,2,0.883,0.001001001001001001,0.6799999999999999,0.375,0.7725,0.5,0.7674999999999998,0.5
40,2,0.884,0.001001001001001001,0.6725000000000001,0.4,0.7825,0.475,0.8600000000000001,0.5
40,2,0.885,0.001001001001001001,0.665,0.375,0.66,0.5,0.8699999999999999,0.5
40,2,0.886,0.001001001001001001,0.7225,0.375,0.8675,0.475,0.6725,0.44999999999999996
40,2,0.887,0.001001001001001001,0.6900000000000001,0.4,0.755,0.475,0.7499999999999999,0.475
40,2,0.888,0.001001001001001001,0.6225000000000002,0.35,0.875,0.44999999999999996,0.7949999999999999,0.44999999999999996
40,2,0.889,0.001001001001001001,0.735,0.4,0.7375,0.5,0.5925,0.5
40,2,0.89,0.001001001001001001,0.7324999999999998,0.35,0.8550000000000001,0.5,0.78,0.475
40,2,0.891,0.001001001001001001,0.69,0.29999999999999993,0.7899999999999999,0.475,0.8300000000000001,0.44999999999999996
40,2,0.892,0.001001001001001001,0.67,0.29999999999999993,0.825,0.475,0.8324999999999999,0.475
40,2,0.893,0.001001001001001001,0.76,0.44999999999999996,0.7074999999999999,0.475,0.7925,0.475
40,2,0.894,0.001001001001001001,0.7499999999999999,0.375,0.6500000000000001,0.475,0.875,0.44999999999999996
40,2,0.895,0.001001001001001001,0.615,0.4,0.8300000000000001,0.44999999999999996,0.77,0.475
40,2,0.896,0.001001001001001001,0.7424999999999999,0.35,0.725,0.475,0.675,0.5
40,2,0.897,0.001001001001001001,0.7025,0.4,0.7649999999999999,0.5,0.76,0.5
40,2,0.898,0.001001001001001001,0.7699999999999999,0.375,0.8625,0.5,0.8575000000000002,0.5
40,2,0.899,0.001001001001001001,0.7025,0.4,0.7700000000000001,0.5,0.8375,0.475
40,2,0.9,0.001001001001001001,0.6725000000000001,0.4,0.9099999999999999,0.5,0.7175,0.475
40,2,0.901,0.001001001001001001,0.705,0.42500000000000004,0.8699999999999999,0.44999999999999996,0.8625,0.44999999999999996
40,2,0.902,0.001001001001001001,0.7075,0.375,0.605,0.5,0.8375,0.5
40,2,0.903,0.001001001001001001,0.7474999999999999,0.35,0.6875000000000001,0.5,0.7300000000000001,0.5
40,2,0.904,0.001001001001001001,0.74,0.4,0.8225000000000001,0.5,0.8225,0.5
40,2,0.905,0.001001001001001001,0.7225000000000001,0.375,0.9525,0.475,0.7775,0.475
40,2,0.906,0.001001001001001001,0.8024999999999999,0.4,0.7475,0.475,0.825,0.44999999999999996
40,2,0.907,0.001001001001001001,0.6725,0.44999999999999996,0.6775,0.5,0.755,0.5
40,2,0.908,0.001001001001001001,0.615,0.32499999999999996,0.7775000000000001,0.5,0.7025,0.5
40,2,0.909,0.001001001001001001,0.7125000000000001,0.375,0.7350000000000001,0.5,0.6950000000000001,0.475
40,2,0.91,0.001001001001001001,0.6375000000000001,0.375,0.9175000000000001,0.475,0.7799999999999999,0.5
40,2,0.911,0.001001001001001001,0.6924999999999999,0.42500000000000004,0.7324999999999999,0.5,0.7275,0.5
40,2,0.912,0.001001001001001001,0.7124999999999999,0.4,0.8724999999999999,0.44999999999999996,0.7075,0.5
40,2,0.913,0.001001001001001001,0.7350000000000001,0.4,0.9075000000000001,0.475,0.7300000000000001,0.475
40,2,0.914,0.001001001001001001,0.6900000000000001,0.32499999999999996,0.7849999999999999,0.475,0.825,0.5
40,2,0.915,0.001001001001001001,0.6975,0.32499999999999996,0.9125,0.44999999999999996,0.59,0.475
40,2,0.916,0.001001001001001001,0.7525000000000002,0.4,0.7424999999999999,0.475,0.8274999999999999,0.475
40,2,0.917,0.001001001001001001,0.6824999999999999,0.375,0.7000000000000001,0.475,0.8275,0.475
40,2,0.918,0.001001001001001001,0.7224999999999999,0.375,0.755,0.5,0.8324999999999999,0.475
40,2,0.919,0.001001001001001001,0.73,0.375,0.8699999999999999,0.5,0.8575000000000002,0.475
40,2,0.92,0.001001001001001001,0.7825000000000001,0.35,0.8774999999999998,0.44999999999999996,0.8375,0.5
40,2,0.921,0.001001001001001001,0.7474999999999999,0.32499999999999996,0.8075000000000001,0.475,0.825,0.475
40,2,0.922,0.001001001001001001,0.63,0.375,0.8324999999999999,0.5,0.835,0.475
40,2,0.923,0.001001001001001001,0.635,0.35,0.7449999999999999,0.475,0.69,0.5
40,2,0.924,0.001001001001001001,0.7224999999999999,0.375,0.6799999999999999,0.5,0.7675,0.5
40,2,0.925,0.001001001001001001,0.7300000000000001,0.375,0.7525000000000001,0.5,0.6975,0.5
40,2,0.926,0.001001001001001001,0.665,0.375,0.8550000000000001,0.5,0.8625,0.44999999999999996
40,2,0.927,0.001001001001001001,0.6650000000000001,0.375,0.6924999999999999,0.475,0.7499999999999999,0.475
40,2,0.928,0.001001001001001001,0.7,0.4,0.82,0.5,0.7274999999999999,0.5
40,2,0.929,0.001001001001001001,0.6799999999999999,0.375,0.7775,0.5,0.8825,0.4
40,2,0.93,0.001001001001001001,0.6699999999999999,0.42500000000000004,0.725,0.5,0.9974999999999999,0.025000000000000022
40,2,0.931,0.001001001001001001,0.705,0.4,0.8300000000000001,0.475,0.68,0.5
40,2,0.932,0.001001001001001001,0.7575000000000001,0.35,0.75,0.475,0.7725,0.475
40,2,0.933,0.001001001001001001,0.675,0.32499999999999996,0.7250000000000001,0.475,0.79,0.475
40,2,0.934,0.001001001001001001,0.6700000000000002,0.375,0.7475,0.475,0.7350000000000001,0.5
40,2,0.935,0.001001001001001001,0.6525,0.42500000000000004,0.915,0.475,0.7849999999999999,0.475
40,2,0.936,0.001001001001001001,0.7525000000000001,0.4,0.8400000000000001,0.44999999999999996,0.7024999999999999,0.5
40,2,0.937,0.001001001001001001,0.6700000000000002,0.42500000000000004,0.7300000000000001,0.5,0.7675,0.5
40,2,0.938,0.001001001001001001,0.795,0.375,0.7750000000000001,0.5,0.8200000000000001,0.475
40,2,0.939,0.001001001001001001,0.7075,0.35,0.7024999999999999,0.475,0.915,0.5
40,2,0.94,0.001001001001001001,0.7000000000000001,0.32499999999999996,0.7875,0.475,0.7949999999999999,0.475
40,2,0.941,0.001001001001001001,0.6500000000000001,0.35,0.7725000000000001,0.5,0.7350000000000001,0.5
40,2,0.942,0.001001001001001001,0.74,0.4,0.7925000000000001,0.475,0.7775000000000001,0.5
40,2,0.943,0.001001001001001001,0.6874999999999999,0.4,0.7925,0.44999999999999996,0.7825,0.475
40,2,0.944,0.001001001001001001,0.7125000000000001,0.42500000000000004,0.8150000000000001,0.475,0.7725000000000001,0.475
40,2,0.945,0.001001001001001001,0.7125,0.4,0.7699999999999999,0.5,0.6725,0.5
40,2,0.946,0.001001001001001001,0.7199999999999999,0.35,0.8150000000000001,0.475,0.6074999999999999,0.44999999999999996
40,2,0.947,0.001001001001001001,0.6399999999999999,0.35,0.9199999999999999,0.42500000000000004,0.7350000000000001,0.5
40,2,0.948,0.001001001001001001,0.665,0.35,0.7325,0.475,0.6825,0.5
40,2,0.949,0.001001001001001001,0.7350000000000001,0.4,0.8275,0.475,0.74,0.475
40,2,0.95,0.001001001001001001,0.7049999999999998,0.4,0.825,0.475,0.7775,0.475
40,2,0.951,0.001001001001001001,0.62,0.29999999999999993,0.8550000000000001,0.5,0.695,0.475
40,2,0.952,0.001001001001001001,0.6325000000000001,0.4,0.82,0.5,0.675,0.5
40,2,0.953,0.001001001001001001,0.7675000000000002,0.375,0.6350000000000001,0.5,0.8100000000000002,0.5
40,2,0.954,0.001001001001001001,0.6475000000000001,0.375,0.6925,0.5,0.7625,0.5
40,2,0.955,0.001001001001001001,0.685,0.42499999999999993,0.8675,0.475,0.7925,0.475
40,2,0.956,0.001001001001001001,0.695,0.35,0.7825,0.475,0.775,0.5
40,2,0.957,0.001001001001001001,0.7099999999999999,0.375,0.7825,0.5,0.7725,0.5
40,2,0.958,0.001001001001001001,0.6649999999999999,0.35,0.6499999999999999,0.5,0.7849999999999999,0.44999999999999996
40,2,0.959,0.001001001001001001,0.6900000000000001,0.4,0.865,0.475,0.62,0.5
40,2,0.96,0.001001001001001001,0.6674999999999999,0.375,0.78,0.475,0.72,0.5
40,2,0.961,0.001001001001001001,0.6575000000000001,0.4,0.7325,0.5,0.8174999999999999,0.475
40,2,0.962,0.001001001001001001,0.6825,0.44999999999999996,0.78,0.475,0.66,0.475
40,2,0.963,0.001001001001001001,0.7150000000000001,0.35,0.885,0.42500000000000004,0.8275,0.44999999999999996
40,2,0.964,0.001001001001001001,0.67,0.4,0.715,0.5,0.77,0.5
40,2,0.965,0.001001001001001001,0.6774999999999999,0.4,0.655,0.475,0.7874999999999999,0.475
40,2,0.966,0.001001001001001001,0.6575,0.375,0.7775000000000001,0.475,0.6625000000000001,0.475
40,2,0.967,0.001001001001001001,0.7875,0.35,0.8400000000000001,0.5,0.78,0.5
40,2,0.968,0.001001001001001001,0.6625,0.42500000000000004,0.7975,0.475,0.7825,0.44999999999999996
40,2,0.969,0.001001001001001001,0.7575000000000001,0.3999999999999999,0.7425,0.5,0.885,0.42500000000000004
40,2,0.97,0.001001001001001001,0.73,0.4,0.8225000000000001,0.5,0.8150000000000001,0.5
40,2,0.971,0.001001001001001001,0.6575,0.4,0.865,0.475,0.86,0.44999999999999996
40,2,0.972,0.001001001001001001,0.7124999999999999,0.44999999999999996,0.8399999999999999,0.44999999999999996,0.6824999999999999,0.44999999999999996
40,2,0.973,0.001001001001001001,0.7175,0.4,0.8724999999999999,0.475,0.7375,0.475
40,2,0.974,0.001001001001001001,0.7225,0.4,0.685,0.5,0.825,0.475
40,2,0.975,0.001001001001001001,0.655,0.4,0.7449999999999999,0.475,0.6675000000000001,0.475
40,2,0.976,0.001001001001001001,0.6800000000000002,0.35,0.7775000000000001,0.475,0.725,0.5
40,2,0.977,0.001001001001001001,0.7749999999999999,0.42499999999999993,0.73,0.5,0.7775,0.5
40,2,0.978,0.001001001001001001,0.7249999999999999,0.42499999999999993,0.7875000000000001,0.475,0.6875,0.5
40,2,0.979,0.001001001001001001,0.72,0.375,0.8099999999999999,0.5,0.785,0.475
40,2,0.98,0.001001001001001001,0.7074999999999999,0.4,0.7325,0.5,0.8200000000000001,0.475
40,2,0.981,0.001001001001001001,0.7125,0.3999999999999999,0.7074999999999999,0.5,0.8125,0.5
40,2,0.982,0.001001001001001001,0.675,0.375,0.8625,0.5,0.6950000000000001,0.5
40,2,0.983,0.001001001001001001,0.6649999999999999,0.35,0.7849999999999999,0.475,0.82,0.475
40,2,0.984,0.001001001001001001,0.7124999999999999,0.42500000000000004,0.82,0.475,0.64,0.5
40,2,0.985,0.001001001001001001,0.765,0.35,0.8150000000000001,0.475,0.6775000000000001,0.475
40,2,0.986,0.001001001001001001,0.75,0.42500000000000004,0.9025000000000001,0.5,0.6025,0.5
40,2,0.987,0.001001001001001001,0.6425,0.42500000000000004,0.7424999999999999,0.475,0.7899999999999999,0.44999999999999996
40,2,0.988,0.001001001001001001,0.6925000000000001,0.4,0.86,0.5,0.6475000000000001,0.5
40,2,0.989,0.001001001001001001,0.7375,0.44999999999999996,0.86,0.5,0.7775,0.5
40,2,0.99,0.001001001001001001,0.7424999999999999,0.4,0.7750000000000001,0.5,0.77,0.5
40,2,0.991,0.001001001001001001,0.675,0.4,0.7575000000000001,0.5,0.8175000000000001,0.5
40,2,0.992,0.001001001001001001,0.7049999999999998,0.35,0.7899999999999999,0.475,0.825,0.5
40,2,0.993,0.001001001001001001,0.68,0.375,0.7275,0.5,0.6874999999999999,0.5
40,2,0.994,0.001001001001001001,0.6950000000000001,0.4,0.7725,0.475,0.78,0.475
40,2,0.995,0.001001001001001001,0.6925,0.375,0.7775,0.475,0.7150000000000001,0.475
40,2,0.996,0.001001001001001001,0.635,0.29999999999999993,0.755,0.475,0.7899999999999999,0.475
40,2,0.997,0.001001001001001001,0.6699999999999999,0.4,0.6900000000000001,0.5,0.82,0.5
40,2,0.998,0.001001001001001001,0.7925,0.475,0.8025,0.44999999999999996,0.8274999999999999,0.475
40,2,0.999,0.001001001001001001,0.68,0.375,0.915,0.42500000000000004,0.7775000000000001,0.475
40,2,1.0,0.001001001001001001,0.735,0.375,0.8324999999999999,0.5,0.7449999999999999,0.5
